This file contains any messages produced by compilers while
running configure, to aid debugging if configure makes a mistake.

It was created by configure, which was
generated by GNU Autoconf 2.73.  Invocation command line was

  $ ./configure --disable-intf-open --disable-intf-imb --disable-intf-lipmi --disable-intf-free --disable-intf-usb --disable-intf-serial --enable-intf-lan --enable-intf-lanplus

## --------- ##
## Platform. ##
## --------- ##

hostname = BIOS001
uname -m = x86_64
uname -r = 3.6.10-8fbd9808.x86_64
uname -s = MSYS_NT-10.0-26200
uname -v = 2026-08-13 11:15 UTC

/usr/bin/uname -p = unknown
/bin/uname -X     = unknown

/bin/arch              = x86_64
/usr/bin/arch -k       = unknown
/usr/convex/getsysinfo = unknown
/usr/bin/hostinfo      = unknown
/bin/machine           = unknown
/usr/bin/oslevel       = unknown
/bin/universe          = unknown

PATH: /usr/bin/


## ----------- ##
## Core tests. ##
## ----------- ##

configure:2165: loading site script /etc/config.site
| # This file is in public domain.
| # Original author: Karlson2k (Evgeny Grin)
| # Written for MSys2 to help running 'configure' scripts
| 
| # Defaults for MSys2/MinGW64-targeted programs
| 
| # Set proper selfname on bash and fallback to default name on other shells
| test -n "${BASH_SOURCE}" 2>/dev/null && config_site_me="${BASH_SOURCE[0]##*/}" || config_site_me=config.site
| 
| # Set default 'host' to speedup configure
| if test -z "$build_alias"; then
|   build_alias="${MSYSTEM_CHOST}"  && \
|     ${as_echo-echo} "$config_site_me:${as_lineno-$LINENO}: default build_alias set to $build_alias" >&5
| fi
| 
| # Set default 'prefix'
| if ( test -z "$prefix" || test "x$prefix" = "xNONE" ) && \
|     ( test -z "$exec_prefix" || test "x$exec_prefix" = "xNONE" ); then
|   prefix="${MSYSTEM_PREFIX}" && \
|     ${as_echo-echo} "$config_site_me:${as_lineno-$LINENO}: default prefix set to $prefix" >&5
| fi
config.site:13: default build_alias set to x86_64-pc-cygwin
config.site:20: default prefix set to /usr
configure:2636: looking for aux files: ltmain.sh compile missing install-sh config.guess config.sub
configure:2649:  trying ./
configure:2678:   ./ltmain.sh found
configure:2678:   ./compile found
configure:2678:   ./missing found
configure:2660:   ./install-sh found
configure:2678:   ./config.guess found
configure:2678:   ./config.sub found
configure:2820: checking build system type
configure:2836: result: x86_64-pc-cygwin
configure:2856: checking host system type
configure:2871: result: x86_64-pc-cygwin
configure:2891: checking target system type
configure:2906: result: x86_64-pc-cygwin
configure:2950: checking for a BSD-compatible install
configure:3024: result: /usr/bin/install -c
configure:3035: checking whether sleep supports fractional seconds
configure:3051: result: yes
configure:3054: checking filesystem timestamp resolution
configure:3189: result: 0.01
configure:3194: checking whether build environment is sane
configure:3239: result: yes
configure:3410: checking for a race-free mkdir -p
configure:3453: result: /usr/bin/mkdir -p
configure:3460: checking for gawk
configure:3481: found /usr/bin/gawk
configure:3493: result: gawk
configure:3504: checking whether make sets $(MAKE)
configure:3528: result: yes
configure:3554: checking whether make supports nested variables
configure:3573: result: yes
configure:3587: checking xargs -n works
configure:3603: result: yes
configure:3689: checking whether UID '197612' is supported by ustar format
configure:3695: result: yes
configure:3702: checking whether GID '197121' is supported by ustar format
configure:3708: result: yes
configure:3716: checking how to create a ustar tar archive
configure:3727: tar --version
tar (GNU tar) 1.35
Copyright (C) 2023 Free Software Foundation, Inc.
License GPLv3+: GNU GPL version 3 or later <https://gnu.org/licenses/gpl.html>.
This is free software: you are free to change and redistribute it.
There is NO WARRANTY, to the extent permitted by law.

Written by John Gilmore and Jay Fenlason.
configure:3730: $? = 0
configure:3770: tardir=conftest.dir && eval tar --format=ustar -chf - "$tardir" >conftest.tar
configure:3773: $? = 0
configure:3777: tar -xf - <conftest.tar
configure:3780: $? = 0
configure:3782: cat conftest.dir/file
GrepMe
configure:3785: $? = 0
configure:3800: result: gnutar
configure:3898: checking for gcc
configure:3919: found /usr/bin/gcc
configure:3931: result: gcc
configure:4290: checking for C compiler version
configure:4299: gcc --version >&5
gcc (GCC) 15.3.0
Copyright (C) 2025 Free Software Foundation, Inc.
This is free software; see the source for copying conditions.  There is NO
warranty; not even for MERCHANTABILITY or FITNESS FOR A PARTICULAR PURPOSE.

configure:4310: $? = 0
configure:4299: gcc -v >&5
Using built-in specs.
COLLECT_GCC=gcc
COLLECT_LTO_WRAPPER=/usr/lib/gcc/x86_64-pc-cygwin/15.3.0/lto-wrapper.exe
Target: x86_64-pc-cygwin
Configured with: /d/S/B/src/gcc-15.3.0/configure --build=x86_64-pc-cygwin --prefix=/usr --libexecdir=/usr/lib --enable-bootstrap --enable-static --enable-shared --enable-shared-libgcc --enable-version-specific-runtime-libs --with-arch=nocona --with-tune=generic --disable-multilib --enable-__cxa_atexit --with-dwarf2 --enable-languages=c,c++,lto --enable-graphite --enable-threads=posix --enable-libatomic --enable-libgomp --disable-libitm --enable-libquadmath --enable-libquadmath-support --disable-libssp --disable-win32-registry --disable-symvers --with-gnu-ld --with-gnu-as --disable-isl-version-check --enable-checking=release --without-libiconv-prefix --without-libintl-prefix --with-system-zlib --enable-linker-build-id --enable-libstdcxx-filesystem-ts
Thread model: posix
Supported LTO compression algorithms: zlib
gcc version 15.3.0 (GCC) 
configure:4310: $? = 0
configure:4299: gcc -V >&5
gcc: error: unrecognized command-line option '-V'
gcc: fatal error: no input files
compilation terminated.
configure:4310: $? = 1
configure:4299: gcc -qversion >&5
gcc: error: unrecognized command-line option '-qversion'; did you mean '--version'?
gcc: fatal error: no input files
compilation terminated.
configure:4310: $? = 1
configure:4299: gcc -version >&5
gcc: error: unrecognized command-line option '-version'
gcc: fatal error: no input files
compilation terminated.
configure:4310: $? = 1
configure:4330: checking whether the C compiler works
configure:4352: gcc    conftest.c  >&5
configure:4356: $? = 0
configure:4407: result: yes
configure:4411: checking for C compiler default output file name
configure:4413: result: a.exe
configure:4419: checking for suffix of executables
configure:4426: gcc -o conftest.exe    conftest.c  >&5
configure:4430: $? = 0
configure:4454: result: .exe
configure:4478: checking whether we are cross compiling
configure:4486: gcc -o conftest.exe    conftest.c  >&5
configure:4490: $? = 0
configure:4497: ./conftest.exe
configure:4501: $? = 0
configure:4516: result: no
configure:4522: checking for suffix of object files
configure:4545: gcc -c   conftest.c >&5
configure:4549: $? = 0
configure:4573: result: o
configure:4577: checking whether the compiler supports GNU C
configure:4597: gcc -c   conftest.c >&5
configure:4597: $? = 0
configure:4609: result: yes
configure:4620: checking whether gcc accepts -g
configure:4641: gcc -c -g  conftest.c >&5
configure:4641: $? = 0
configure:4688: result: yes
configure:4708: checking for gcc option to enable C23 features
configure:4723: gcc  -c -g -O2  conftest.c >&5
configure:4723: $? = 0
configure:4742: result: none needed
configure:4915: checking whether gcc understands -c and -o together
configure:4938: gcc -c conftest.c -o conftest2.o
configure:4941: $? = 0
configure:4938: gcc -c conftest.c -o conftest2.o
configure:4941: $? = 0
configure:4957: result: yes
configure:4977: checking whether make supports the include directive
configure:4992: make -f confmf.GNU && cat confinc.out
this is the am__doit target
configure:4995: $? = 0
configure:5014: result: yes (GNU style)
configure:5040: checking dependency style of gcc
configure:5153: result: gcc3
configure:5169: checking whether ln -s works
configure:5176: result: no, using cp -pR
configure:5180: checking whether make sets $(MAKE)
configure:5204: result: yes
configure:5215: checking for rpmbuild
configure:5249: result: rpm
configure:5259: checking for sed
configure:5280: found /usr/bin/sed
configure:5292: result: sed
configure:5306: checking for stdio.h
configure:5306: gcc -c -g -O2  conftest.c >&5
configure:5306: $? = 0
configure:5306: result: yes
configure:5306: checking for stdlib.h
configure:5306: gcc -c -g -O2  conftest.c >&5
configure:5306: $? = 0
configure:5306: result: yes
configure:5306: checking for string.h
configure:5306: gcc -c -g -O2  conftest.c >&5
configure:5306: $? = 0
configure:5306: result: yes
configure:5306: checking for inttypes.h
configure:5306: gcc -c -g -O2  conftest.c >&5
configure:5306: $? = 0
configure:5306: result: yes
configure:5306: checking for stdint.h
configure:5306: gcc -c -g -O2  conftest.c >&5
configure:5306: $? = 0
configure:5306: result: yes
configure:5306: checking for strings.h
configure:5306: gcc -c -g -O2  conftest.c >&5
configure:5306: $? = 0
configure:5306: result: yes
configure:5306: checking for sys/stat.h
configure:5306: gcc -c -g -O2  conftest.c >&5
configure:5306: $? = 0
configure:5306: result: yes
configure:5306: checking for sys/types.h
configure:5306: gcc -c -g -O2  conftest.c >&5
configure:5306: $? = 0
configure:5306: result: yes
configure:5306: checking for unistd.h
configure:5306: gcc -c -g -O2  conftest.c >&5
configure:5306: $? = 0
configure:5306: result: yes
configure:5306: checking for sys/select.h
configure:5306: gcc -c -g -O2  conftest.c >&5
configure:5306: $? = 0
configure:5306: result: yes
configure:5306: checking for sys/socket.h
configure:5306: gcc -c -g -O2  conftest.c >&5
configure:5306: $? = 0
configure:5306: result: yes
configure:5331: checking for grep that handles long lines and -e
configure:5397: result: /usr/bin/grep
configure:5405: checking for egrep
configure:5475: result: /usr/bin/grep -E
configure:5483: checking for stdlib.h
configure:5483: result: yes
configure:5489: checking for string.h
configure:5489: result: yes
configure:5495: checking for sys/ioctl.h
configure:5495: gcc -c -g -O2  conftest.c >&5
configure:5495: $? = 0
configure:5495: result: yes
configure:5501: checking for sys/stat.h
configure:5501: result: yes
configure:5507: checking for unistd.h
configure:5507: result: yes
configure:5513: checking for paths.h
configure:5513: gcc -c -g -O2  conftest.c >&5
configure:5513: $? = 0
configure:5513: result: yes
configure:5520: checking for arpa/inet.h
configure:5520: gcc -c -g -O2  conftest.c >&5
configure:5520: $? = 0
configure:5520: result: yes
configure:5526: checking for fcntl.h
configure:5526: gcc -c -g -O2  conftest.c >&5
configure:5526: $? = 0
configure:5526: result: yes
configure:5532: checking for netdb.h
configure:5532: gcc -c -g -O2  conftest.c >&5
configure:5532: $? = 0
configure:5532: result: yes
configure:5538: checking for netinet/in.h
configure:5538: gcc -c -g -O2  conftest.c >&5
configure:5538: $? = 0
configure:5538: result: yes
configure:5544: checking for sys/socket.h
configure:5544: result: yes
configure:5551: checking for sys/byteorder.h
configure:5551: gcc -c -g -O2  conftest.c >&5
conftest.c:62:10: fatal error: sys/byteorder.h: No such file or directory
   62 | #include <sys/byteorder.h>
      |          ^~~~~~~~~~~~~~~~~
compilation terminated.
configure:5551: $? = 1
configure: failed program was:
| /* confdefs.h */
| #define PACKAGE_NAME ""
| #define PACKAGE_TARNAME ""
| #define PACKAGE_VERSION ""
| #define PACKAGE_STRING ""
| #define PACKAGE_BUGREPORT ""
| #define PACKAGE_URL ""
| #define PACKAGE "ipmitool"
| #define VERSION "1.8.16-cvs"
| #define HAVE_STDIO_H 1
| #define HAVE_STDLIB_H 1
| #define HAVE_STRING_H 1
| #define HAVE_INTTYPES_H 1
| #define HAVE_STDINT_H 1
| #define HAVE_STRINGS_H 1
| #define HAVE_SYS_STAT_H 1
| #define HAVE_SYS_TYPES_H 1
| #define HAVE_UNISTD_H 1
| #define HAVE_SYS_SELECT_H 1
| #define HAVE_SYS_SOCKET_H 1
| #define STDC_HEADERS 1
| #define HAVE_STDLIB_H 1
| #define HAVE_STRING_H 1
| #define HAVE_SYS_IOCTL_H 1
| #define HAVE_SYS_STAT_H 1
| #define HAVE_UNISTD_H 1
| #define HAVE_PATHS_H 1
| #define HAVE_ARPA_INET_H 1
| #define HAVE_FCNTL_H 1
| #define HAVE_NETDB_H 1
| #define HAVE_NETINET_IN_H 1
| #define HAVE_SYS_SOCKET_H 1
| /* end confdefs.h.  */
| #include <stddef.h>
| #ifdef HAVE_STDIO_H
| # include <stdio.h>
| #endif
| #ifdef HAVE_STDLIB_H
| # include <stdlib.h>
| #endif
| #ifdef HAVE_STRING_H
| # include <string.h>
| #endif
| #ifdef HAVE_INTTYPES_H
| # include <inttypes.h>
| #endif
| #ifdef HAVE_STDINT_H
| # include <stdint.h>
| #endif
| #ifdef HAVE_STRINGS_H
| # include <strings.h>
| #endif
| #ifdef HAVE_SYS_TYPES_H
| # include <sys/types.h>
| #endif
| #ifdef HAVE_SYS_STAT_H
| # include <sys/stat.h>
| #endif
| #ifdef HAVE_UNISTD_H
| # include <unistd.h>
| #endif
| #include <sys/byteorder.h>
configure:5551: result: no
configure:5557: checking for byteswap.h
configure:5557: gcc -c -g -O2  conftest.c >&5
configure:5557: $? = 0
configure:5557: result: yes
configure:5565: checking for an ANSI C-conforming const
configure:5629: gcc -c -g -O2  conftest.c >&5
configure:5629: $? = 0
configure:5639: result: yes
configure:5647: checking for inline
configure:5664: gcc -c -g -O2  conftest.c >&5
configure:5664: $? = 0
configure:5674: result: inline
configure:5692: checking whether byte ordering is bigendian
configure:5708: gcc -c -g -O2  conftest.c >&5
conftest.c:36:16: error: unknown type name 'not'
   36 |                not a universal capable compiler
      |                ^~~
conftest.c:36:22: error: expected '=', ',', ';', 'asm' or '__attribute__' before 'universal'
   36 |                not a universal capable compiler
      |                      ^~~~~~~~~
conftest.c:36:22: error: unknown type name 'universal'
configure:5708: $? = 1
configure: failed program was:
| /* confdefs.h */
| #define PACKAGE_NAME ""
| #define PACKAGE_TARNAME ""
| #define PACKAGE_VERSION ""
| #define PACKAGE_STRING ""
| #define PACKAGE_BUGREPORT ""
| #define PACKAGE_URL ""
| #define PACKAGE "ipmitool"
| #define VERSION "1.8.16-cvs"
| #define HAVE_STDIO_H 1
| #define HAVE_STDLIB_H 1
| #define HAVE_STRING_H 1
| #define HAVE_INTTYPES_H 1
| #define HAVE_STDINT_H 1
| #define HAVE_STRINGS_H 1
| #define HAVE_SYS_STAT_H 1
| #define HAVE_SYS_TYPES_H 1
| #define HAVE_UNISTD_H 1
| #define HAVE_SYS_SELECT_H 1
| #define HAVE_SYS_SOCKET_H 1
| #define STDC_HEADERS 1
| #define HAVE_STDLIB_H 1
| #define HAVE_STRING_H 1
| #define HAVE_SYS_IOCTL_H 1
| #define HAVE_SYS_STAT_H 1
| #define HAVE_UNISTD_H 1
| #define HAVE_PATHS_H 1
| #define HAVE_ARPA_INET_H 1
| #define HAVE_FCNTL_H 1
| #define HAVE_NETDB_H 1
| #define HAVE_NETINET_IN_H 1
| #define HAVE_SYS_SOCKET_H 1
| #define HAVE_BYTESWAP_H 1
| /* end confdefs.h.  */
| #ifndef __APPLE_CC__
| 	       not a universal capable compiler
| 	     #endif
| 	     typedef int dummy;
| 
configure:5754: gcc -c -g -O2  conftest.c >&5
configure:5754: $? = 0
configure:5773: gcc -c -g -O2  conftest.c >&5
conftest.c: In function 'main':
conftest.c:42:18: error: unknown type name 'not'; did you mean 'ino_t'?
   42 |                  not big endian
      |                  ^~~
      |                  ino_t
conftest.c:42:26: error: expected '=', ',', ';', 'asm' or '__attribute__' before 'endian'
   42 |                  not big endian
      |                          ^~~~~~
configure:5773: $? = 1
configure: failed program was:
| /* confdefs.h */
| #define PACKAGE_NAME ""
| #define PACKAGE_TARNAME ""
| #define PACKAGE_VERSION ""
| #define PACKAGE_STRING ""
| #define PACKAGE_BUGREPORT ""
| #define PACKAGE_URL ""
| #define PACKAGE "ipmitool"
| #define VERSION "1.8.16-cvs"
| #define HAVE_STDIO_H 1
| #define HAVE_STDLIB_H 1
| #define HAVE_STRING_H 1
| #define HAVE_INTTYPES_H 1
| #define HAVE_STDINT_H 1
| #define HAVE_STRINGS_H 1
| #define HAVE_SYS_STAT_H 1
| #define HAVE_SYS_TYPES_H 1
| #define HAVE_UNISTD_H 1
| #define HAVE_SYS_SELECT_H 1
| #define HAVE_SYS_SOCKET_H 1
| #define STDC_HEADERS 1
| #define HAVE_STDLIB_H 1
| #define HAVE_STRING_H 1
| #define HAVE_SYS_IOCTL_H 1
| #define HAVE_SYS_STAT_H 1
| #define HAVE_UNISTD_H 1
| #define HAVE_PATHS_H 1
| #define HAVE_ARPA_INET_H 1
| #define HAVE_FCNTL_H 1
| #define HAVE_NETDB_H 1
| #define HAVE_NETINET_IN_H 1
| #define HAVE_SYS_SOCKET_H 1
| #define HAVE_BYTESWAP_H 1
| /* end confdefs.h.  */
| #include <sys/types.h>
| 		#include <sys/param.h>
| 
| int
| main (void)
| {
| #if BYTE_ORDER != BIG_ENDIAN
| 		 not big endian
| 		#endif
| 
|   ;
|   return 0;
| }
configure:5914: result: no
configure:5936: checking types of arguments for select
configure:5966: gcc -c -g -O2  conftest.c >&5
configure:5966: $? = 0
configure:5977: result: int,fd_set *,struct timeval *
configure:5994: checking for working strtod
configure:6034: gcc -o conftest.exe -g -O2   conftest.c  >&5
configure:6034: $? = 0
configure:6034: ./conftest.exe
configure:6034: $? = 0
configure:6048: result: yes
configure:6120: checking for alarm
configure:6120: gcc -o conftest.exe -g -O2   conftest.c  >&5
configure:6120: $? = 0
configure:6120: result: yes
configure:6126: checking for gethostbyname
configure:6126: gcc -o conftest.exe -g -O2   conftest.c  >&5
configure:6126: $? = 0
configure:6126: result: yes
configure:6132: checking for getaddrinfo
configure:6132: gcc -o conftest.exe -g -O2   conftest.c  >&5
configure:6132: $? = 0
configure:6132: result: yes
configure:6138: checking for getifaddrs
configure:6138: gcc -o conftest.exe -g -O2   conftest.c  >&5
configure:6138: $? = 0
configure:6138: result: yes
configure:6144: checking for socket
configure:6144: gcc -o conftest.exe -g -O2   conftest.c  >&5
configure:6144: $? = 0
configure:6144: result: yes
configure:6150: checking for select
configure:6150: gcc -o conftest.exe -g -O2   conftest.c  >&5
configure:6150: $? = 0
configure:6150: result: yes
configure:6157: checking for memmove
configure:6157: gcc -o conftest.exe -g -O2   conftest.c  >&5
conftest.c:60:6: warning: conflicting types for built-in function 'memmove'; expected 'void *(void *, const void *, long unsigned int)' [-Wbuiltin-declaration-mismatch]
   60 | char memmove (void);
      |      ^~~~~~~
conftest.c:52:1: note: 'memmove' is declared in header '<string.h>'
   51 | #include <limits.h>
   52 | #undef memmove
configure:6157: $? = 0
configure:6157: result: yes
configure:6163: checking for memset
configure:6163: gcc -o conftest.exe -g -O2   conftest.c  >&5
conftest.c:61:6: warning: conflicting types for built-in function 'memset'; expected 'void *(void *, int,  long unsigned int)' [-Wbuiltin-declaration-mismatch]
   61 | char memset (void);
      |      ^~~~~~
conftest.c:53:1: note: 'memset' is declared in header '<string.h>'
   52 | #include <limits.h>
   53 | #undef memset
configure:6163: $? = 0
configure:6163: result: yes
configure:6169: checking for strchr
configure:6169: gcc -o conftest.exe -g -O2   conftest.c  >&5
conftest.c:62:6: warning: conflicting types for built-in function 'strchr'; expected 'char *(const char *, int)' [-Wbuiltin-declaration-mismatch]
   62 | char strchr (void);
      |      ^~~~~~
conftest.c:54:1: note: 'strchr' is declared in header '<string.h>'
   53 | #include <limits.h>
   54 | #undef strchr
configure:6169: $? = 0
configure:6169: result: yes
configure:6175: checking for strdup
configure:6175: gcc -o conftest.exe -g -O2   conftest.c  >&5
conftest.c:63:6: warning: conflicting types for built-in function 'strdup'; expected 'char *(const char *)' [-Wbuiltin-declaration-mismatch]
   63 | char strdup (void);
      |      ^~~~~~
configure:6175: $? = 0
configure:6175: result: yes
configure:6181: checking for strerror
configure:6181: gcc -o conftest.exe -g -O2   conftest.c  >&5
configure:6181: $? = 0
configure:6181: result: yes
configure:6188: checking for getpassphrase
configure:6188: gcc -o conftest.exe -g -O2   conftest.c  >&5
/usr/lib/gcc/x86_64-pc-cygwin/15.3.0/../../../../x86_64-pc-cygwin/bin/ld: /tmp/ccMuN4yp.o: in function `main':
/c/Users/BIOS01/Documents/Codex/2026-08-18/https-github-com-opencomputeproject-rack-manager/work/ipmitool-base/ipmitool-2c3a876a7354e3c5dc1d500bc10f90f2f40f2035/conftest.c:76:(.text.startup+0xa): undefined reference to `getpassphrase'
collect2: error: ld returned 1 exit status
configure:6188: $? = 1
configure: failed program was:
| /* confdefs.h */
| #define PACKAGE_NAME ""
| #define PACKAGE_TARNAME ""
| #define PACKAGE_VERSION ""
| #define PACKAGE_STRING ""
| #define PACKAGE_BUGREPORT ""
| #define PACKAGE_URL ""
| #define PACKAGE "ipmitool"
| #define VERSION "1.8.16-cvs"
| #define HAVE_STDIO_H 1
| #define HAVE_STDLIB_H 1
| #define HAVE_STRING_H 1
| #define HAVE_INTTYPES_H 1
| #define HAVE_STDINT_H 1
| #define HAVE_STRINGS_H 1
| #define HAVE_SYS_STAT_H 1
| #define HAVE_SYS_TYPES_H 1
| #define HAVE_UNISTD_H 1
| #define HAVE_SYS_SELECT_H 1
| #define HAVE_SYS_SOCKET_H 1
| #define STDC_HEADERS 1
| #define HAVE_STDLIB_H 1
| #define HAVE_STRING_H 1
| #define HAVE_SYS_IOCTL_H 1
| #define HAVE_SYS_STAT_H 1
| #define HAVE_UNISTD_H 1
| #define HAVE_PATHS_H 1
| #define HAVE_ARPA_INET_H 1
| #define HAVE_FCNTL_H 1
| #define HAVE_NETDB_H 1
| #define HAVE_NETINET_IN_H 1
| #define HAVE_SYS_SOCKET_H 1
| #define HAVE_BYTESWAP_H 1
| #define SELECT_TYPE_ARG1 int
| #define SELECT_TYPE_ARG234 (fd_set *)
| #define SELECT_TYPE_ARG5 (struct timeval *)
| #define HAVE_ALARM 1
| #define HAVE_GETHOSTBYNAME 1
| #define HAVE_GETADDRINFO 1
| #define HAVE_GETIFADDRS 1
| #define HAVE_SOCKET 1
| #define HAVE_SELECT 1
| #define HAVE_MEMMOVE 1
| #define HAVE_MEMSET 1
| #define HAVE_STRCHR 1
| #define HAVE_STRDUP 1
| #define HAVE_STRERROR 1
| /* end confdefs.h.  */
| /* Define getpassphrase to an innocuous variant, in case <limits.h> declares getpassphrase.
|    For example, HP-UX 11i <limits.h> declares gettimeofday.  */
| #define getpassphrase innocuous_getpassphrase
| 
| /* System header to define __stub macros and hopefully few prototypes,
|    which can conflict with char getpassphrase (void); below.  */
| 
| #include <limits.h>
| #undef getpassphrase
| 
| /* Override any GCC internal prototype to avoid an error.
|    Use char because int might match the return type of a GCC
|    builtin and then its argument prototype would still apply.  */
| #ifdef __cplusplus
| extern "C"
| #endif
| char getpassphrase (void);
| /* The GNU C library defines this for functions which it implements
|     to always fail with ENOSYS.  Some functions are actually named
|     something starting with __ and the normal name is an alias.  */
| #if defined __stub_getpassphrase || defined __stub___getpassphrase
| choke me
| #endif
| 
| int
| main (void)
| {
| return getpassphrase ();
|   ;
|   return 0;
| }
configure:6188: result: no
configure:6245: checking how to print strings
configure:6272: result: printf
configure:6293: checking for a sed that does not truncate output
configure:6365: result: sed
configure:6383: checking for fgrep
configure:6453: result: /usr/bin/grep -F
configure:6490: checking for ld used by gcc
configure:6559: result: /usr/x86_64-pc-cygwin/bin/ld.exe
configure:6566: checking if the linker (/usr/x86_64-pc-cygwin/bin/ld.exe) is GNU ld
configure:6583: result: yes
configure:6595: checking for BSD- or MS-compatible name lister (nm)
configure:6651: result: /usr/bin/nm -B
configure:6793: checking the name lister (/usr/bin/nm -B) interface
configure:6801: gcc -c -g -O2 -Wall -Wextra -std=c99 -pedantic -Wformat -Wformat-nonliteral  conftest.c >&5
configure:6804: /usr/bin/nm -B "conftest.o"
configure:6807: output
0000000000000000 b .bss
0000000000000000 d .data
0000000000000000 N .debug_abbrev
0000000000000000 N .debug_aranges
0000000000000000 N .debug_info
0000000000000000 N .debug_line
0000000000000000 N .debug_line_str
0000000000000000 r .rdata$zzz
0000000000000000 t .text
0000000000000000 B some_variable
configure:6815: result: BSD nm
configure:6819: checking the maximum length of command line arguments
configure:6952: result: 8192
configure:7000: checking how to convert x86_64-pc-cygwin file names to x86_64-pc-cygwin format
configure:7042: result: func_convert_file_noop
configure:7049: checking how to convert x86_64-pc-cygwin file names to toolchain format
configure:7071: result: func_convert_file_noop
configure:7082: checking whether cygpath is installed
configure:7102: result: yes
configure:7149: checking for /usr/x86_64-pc-cygwin/bin/ld.exe option to reload object files
configure:7158: result: -r
configure:7191: checking for file
configure:7212: found /usr/bin/file
configure:7225: result: file
configure:7288: checking for objdump
configure:7309: found /usr/bin/objdump
configure:7321: result: objdump
configure:7353: checking how to recognize dependent libraries
configure:7562: result: file_magic ^x86 archive import|^x86 DLL
configure:7653: checking for dlltool
configure:7674: found /usr/bin/dlltool
configure:7686: result: dlltool
configure:7719: checking how to associate runtime and link libraries
configure:7748: result: func_cygming_dll_for_implib
configure:7808: checking for ranlib
configure:7829: found /usr/bin/ranlib
configure:7841: result: ranlib
configure:7918: checking for ar
configure:7939: found /usr/bin/ar
configure:7951: result: ar
configure:8004: checking for archiver @FILE support
configure:8022: gcc -c -g -O2 -Wall -Wextra -std=c99 -pedantic -Wformat -Wformat-nonliteral  conftest.c >&5
configure:8022: $? = 0
configure:8026: ar cr libconftest.a @conftest.lst >&5
configure:8029: $? = 0
configure:8034: ar cr libconftest.a @conftest.lst >&5
ar: conftest.o: No such file or directory
configure:8037: $? = 1
configure:8050: result: @
configure:8114: checking for strip
configure:8135: found /usr/bin/strip
configure:8147: result: strip
configure:8250: checking command to parse /usr/bin/nm -B output from gcc object
configure:8406: gcc -c -g -O2 -Wall -Wextra -std=c99 -pedantic -Wformat -Wformat-nonliteral  conftest.c >&5
configure:8409: $? = 0
configure:8413: /usr/bin/nm -B conftest.o | sed -n -e 's/^.*[	 ]\([ABCDGIRSTW][ABCDGIRSTW]*\)[	 ][	 ]*\([_A-Za-z][_A-Za-z0-9]*\)$/\1 \2 \2/p' | sed '/ __gnu_lto/d' > conftest.nm
configure:8479: gcc -o conftest.exe -g -O2 -Wall -Wextra -std=c99 -pedantic -Wformat -Wformat-nonliteral   conftest.c conftstm.o >&5
conftest.c:29:20: warning: ISO C forbids conversion of function pointer to object pointer type [-Wpedantic]
   29 |   {"nm_test_func", (void *) &nm_test_func},
      |                    ^
configure:8482: $? = 0
configure:8521: result: ok
configure:8568: checking for sysroot
configure:8602: result: no
configure:8609: checking for a working dd
configure:8654: result: /usr/bin/dd
configure:8658: checking how to truncate binary pipes
configure:8675: result: /usr/bin/dd bs=4096 count=1
configure:9015: checking for mt
configure:9051: result: no
configure:9071: checking if : is a manifest tool
configure:9078: : '-?'
configure:9087: result: no
configure:9880: checking for dlfcn.h
configure:9880: gcc -c -g -O2 -Wall -Wextra -std=c99 -pedantic -Wformat -Wformat-nonliteral  conftest.c >&5
configure:9880: $? = 0
configure:9880: result: yes
configure:10166: checking which variant of shared library versioning to provide
configure:10169: result: (default) aix
configure:10237: checking for objdir
configure:10254: result: .libs
configure:10516: checking if gcc supports -fno-rtti -fno-exceptions
configure:10535: gcc -c -g -O2 -Wall -Wextra -std=c99 -pedantic -Wformat -Wformat-nonliteral  -fno-rtti -fno-exceptions conftest.c >&5
cc1: warning: command-line option '-fno-rtti' is valid for C++/D/ObjC++ but not for C
configure:10539: $? = 0
configure:10553: result: no
configure:10932: checking for gcc option to produce PIC
configure:10941: result: -DDLL_EXPORT -DPIC
configure:10949: checking if gcc PIC flag -DDLL_EXPORT -DPIC works
configure:10968: gcc -c -g -O2 -Wall -Wextra -std=c99 -pedantic -Wformat -Wformat-nonliteral  -DDLL_EXPORT -DPIC -DPIC conftest.c >&5
configure:10972: $? = 0
configure:10986: result: yes
configure:11015: checking if gcc static flag -static works
configure:11045: result: yes
configure:11060: checking if gcc supports -c -o file.o
configure:11082: gcc -c -g -O2 -Wall -Wextra -std=c99 -pedantic -Wformat -Wformat-nonliteral  -o out/conftest2.o conftest.c >&5
configure:11086: $? = 0
configure:11109: result: yes
configure:11117: checking if gcc supports -c -o file.o
configure:11166: result: yes
configure:11199: checking whether the gcc linker (/usr/x86_64-pc-cygwin/bin/ld.exe) supports shared libraries
configure:12487: result: yes
configure:12524: checking whether -lc should be explicitly linked in
configure:12533: gcc -c -g -O2 -Wall -Wextra -std=c99 -pedantic -Wformat -Wformat-nonliteral  conftest.c >&5
configure:12536: $? = 0
configure:12551: gcc -shared conftest.o  -v -o ./conftest -Wl,--enable-auto-image-base -Xlinker --out-implib -Xlinker conftest 2\>\&1 \| /usr/bin/grep  -lc  \>/dev/null 2\>\&1
configure:12554: $? = 1
configure:12569: result: yes
configure:12729: checking dynamic linker characteristics
configure:14128: result: Win32 ld.exe
configure:14250: checking how to hardcode library paths into programs
configure:14275: result: immediate
configure:14875: checking whether stripping libraries is possible
configure:14884: result: yes
configure:14926: checking if libtool supports shared libraries
configure:14928: result: yes
configure:14931: checking whether to build shared libraries
configure:14956: result: yes
configure:14959: checking whether to build static libraries
configure:14963: result: yes
configure:15009: checking for library containing gethostbyname
configure:15045: gcc -o conftest.exe -g -O2 -Wall -Wextra -std=c99 -pedantic -Wformat -Wformat-nonliteral   conftest.c  >&5
configure:15045: $? = 0
configure:15067: result: none required
configure:15076: checking for library containing getaddrinfo
configure:15112: gcc -o conftest.exe -g -O2 -Wall -Wextra -std=c99 -pedantic -Wformat -Wformat-nonliteral   conftest.c  >&5
configure:15112: $? = 0
configure:15134: result: none required
configure:15143: checking for library containing getifaddrs
configure:15179: gcc -o conftest.exe -g -O2 -Wall -Wextra -std=c99 -pedantic -Wformat -Wformat-nonliteral   conftest.c  >&5
configure:15179: $? = 0
configure:15201: result: none required
configure:15210: checking for library containing socket
configure:15246: gcc -o conftest.exe -g -O2 -Wall -Wextra -std=c99 -pedantic -Wformat -Wformat-nonliteral   conftest.c  >&5
configure:15246: $? = 0
configure:15268: result: none required
configure:15442: gcc -c -g -O2 -Wall -Wextra -std=c99 -pedantic -Wformat -Wformat-nonliteral  conftest.c >&5
conftest.c: In function 'main':
conftest.c:63:18: warning: ISO C99 doesn't support unnamed structs/unions [-Wpedantic]
   63 |                 };
      |                  ^
conftest.c:59:16: warning: struct has no named members [-Wpedantic]
   59 |         struct test {
      |                ^~~~
conftest.c:66:9: warning: 'test.<Ub680>.a' is used uninitialized [-Wuninitialized]
   66 |         printf("a is %d", test.a);
      |         ^~~~~~~~~~~~~~~~~~~~~~~~~
conftest.c:64:11: note: 'test' declared here
   64 |         } test;
      |           ^~~~
configure:15442: $? = 0
configure:15465: checking for EVP_aes_128_cbc in -lcrypto
configure:15494: gcc -o conftest.exe -g -O2 -Wall -Wextra -std=c99 -pedantic -Wformat -Wformat-nonliteral   conftest.c -lcrypto -lcrypto  >&5
configure:15494: $? = 0
configure:15506: result: yes
configure:15519: checking for MD5_Init in -lcrypto
configure:15548: gcc -o conftest.exe -g -O2 -Wall -Wextra -std=c99 -pedantic -Wformat -Wformat-nonliteral   conftest.c -lcrypto -lcrypto  -lcrypto >&5
configure:15548: $? = 0
configure:15560: result: yes
configure:15576: checking for MD2_Init in -lcrypto
configure:15605: gcc -o conftest.exe -g -O2 -Wall -Wextra -std=c99 -pedantic -Wformat -Wformat-nonliteral   conftest.c -lcrypto -lcrypto  -lcrypto >&5
/usr/lib/gcc/x86_64-pc-cygwin/15.3.0/../../../../x86_64-pc-cygwin/bin/ld: /tmp/ccq8Xufb.o: in function `main':
/c/Users/BIOS01/Documents/Codex/2026-08-18/https-github-com-opencomputeproject-rack-manager/work/ipmitool-base/ipmitool-2c3a876a7354e3c5dc1d500bc10f90f2f40f2035/conftest.c:67:(.text.startup+0xa): undefined reference to `MD2_Init'
collect2: error: ld returned 1 exit status
configure:15605: $? = 1
configure: failed program was:
| /* confdefs.h */
| #define PACKAGE_NAME ""
| #define PACKAGE_TARNAME ""
| #define PACKAGE_VERSION ""
| #define PACKAGE_STRING ""
| #define PACKAGE_BUGREPORT ""
| #define PACKAGE_URL ""
| #define PACKAGE "ipmitool"
| #define VERSION "1.8.16-cvs"
| #define HAVE_STDIO_H 1
| #define HAVE_STDLIB_H 1
| #define HAVE_STRING_H 1
| #define HAVE_INTTYPES_H 1
| #define HAVE_STDINT_H 1
| #define HAVE_STRINGS_H 1
| #define HAVE_SYS_STAT_H 1
| #define HAVE_SYS_TYPES_H 1
| #define HAVE_UNISTD_H 1
| #define HAVE_SYS_SELECT_H 1
| #define HAVE_SYS_SOCKET_H 1
| #define STDC_HEADERS 1
| #define HAVE_STDLIB_H 1
| #define HAVE_STRING_H 1
| #define HAVE_SYS_IOCTL_H 1
| #define HAVE_SYS_STAT_H 1
| #define HAVE_UNISTD_H 1
| #define HAVE_PATHS_H 1
| #define HAVE_ARPA_INET_H 1
| #define HAVE_FCNTL_H 1
| #define HAVE_NETDB_H 1
| #define HAVE_NETINET_IN_H 1
| #define HAVE_SYS_SOCKET_H 1
| #define HAVE_BYTESWAP_H 1
| #define SELECT_TYPE_ARG1 int
| #define SELECT_TYPE_ARG234 (fd_set *)
| #define SELECT_TYPE_ARG5 (struct timeval *)
| #define HAVE_ALARM 1
| #define HAVE_GETHOSTBYNAME 1
| #define HAVE_GETADDRINFO 1
| #define HAVE_GETIFADDRS 1
| #define HAVE_SOCKET 1
| #define HAVE_SELECT 1
| #define HAVE_MEMMOVE 1
| #define HAVE_MEMSET 1
| #define HAVE_STRCHR 1
| #define HAVE_STRDUP 1
| #define HAVE_STRERROR 1
| #define HAVE_DLFCN_H 1
| #define LT_OBJDIR ".libs/"
| #define ENABLE_ALL_OPTIONS 1
| #define HAVE_CRYPTO_MD5 1
| /* end confdefs.h.  */
| 
| /* Override any GCC internal prototype to avoid an error.
|    Use char because int might match the return type of a GCC
|    builtin and then its argument prototype would still apply.
|    The 'extern "C"' is for builds by C++ compilers;
|    although this is not generally supported in C code supporting it here
|    has little cost and some practical benefit (sr 110532).  */
| #ifdef __cplusplus
| extern "C"
| #endif
| char MD2_Init (void);
| int
| main (void)
| {
| return MD2_Init ();
|   ;
|   return 0;
| }
configure:15617: result: no
configure:15758: checking for linux/compiler.h
configure:15766: checking how to run the C preprocessor
configure:15792: gcc -E  conftest.c
configure:15792: $? = 0
configure:15808: gcc -E  conftest.c
conftest.c:55:10: fatal error: ac_nonexistent.h: No such file or directory
   55 | #include <ac_nonexistent.h>
      |          ^~~~~~~~~~~~~~~~~~
compilation terminated.
configure:15808: $? = 1
configure: failed program was:
| /* confdefs.h */
| #define PACKAGE_NAME ""
| #define PACKAGE_TARNAME ""
| #define PACKAGE_VERSION ""
| #define PACKAGE_STRING ""
| #define PACKAGE_BUGREPORT ""
| #define PACKAGE_URL ""
| #define PACKAGE "ipmitool"
| #define VERSION "1.8.16-cvs"
| #define HAVE_STDIO_H 1
| #define HAVE_STDLIB_H 1
| #define HAVE_STRING_H 1
| #define HAVE_INTTYPES_H 1
| #define HAVE_STDINT_H 1
| #define HAVE_STRINGS_H 1
| #define HAVE_SYS_STAT_H 1
| #define HAVE_SYS_TYPES_H 1
| #define HAVE_UNISTD_H 1
| #define HAVE_SYS_SELECT_H 1
| #define HAVE_SYS_SOCKET_H 1
| #define STDC_HEADERS 1
| #define HAVE_STDLIB_H 1
| #define HAVE_STRING_H 1
| #define HAVE_SYS_IOCTL_H 1
| #define HAVE_SYS_STAT_H 1
| #define HAVE_UNISTD_H 1
| #define HAVE_PATHS_H 1
| #define HAVE_ARPA_INET_H 1
| #define HAVE_FCNTL_H 1
| #define HAVE_NETDB_H 1
| #define HAVE_NETINET_IN_H 1
| #define HAVE_SYS_SOCKET_H 1
| #define HAVE_BYTESWAP_H 1
| #define SELECT_TYPE_ARG1 int
| #define SELECT_TYPE_ARG234 (fd_set *)
| #define SELECT_TYPE_ARG5 (struct timeval *)
| #define HAVE_ALARM 1
| #define HAVE_GETHOSTBYNAME 1
| #define HAVE_GETADDRINFO 1
| #define HAVE_GETIFADDRS 1
| #define HAVE_SOCKET 1
| #define HAVE_SELECT 1
| #define HAVE_MEMMOVE 1
| #define HAVE_MEMSET 1
| #define HAVE_STRCHR 1
| #define HAVE_STRDUP 1
| #define HAVE_STRERROR 1
| #define HAVE_DLFCN_H 1
| #define LT_OBJDIR ".libs/"
| #define ENABLE_ALL_OPTIONS 1
| #define HAVE_CRYPTO_MD5 1
| #define IPMI_INTF_LAN 1
| #define IPMI_INTF_LANPLUS 1
| /* end confdefs.h.  */
| #include <ac_nonexistent.h>
configure:15837: result: gcc -E
configure:15851: gcc -E  conftest.c
configure:15851: $? = 0
configure:15867: gcc -E  conftest.c
conftest.c:55:10: fatal error: ac_nonexistent.h: No such file or directory
   55 | #include <ac_nonexistent.h>
      |          ^~~~~~~~~~~~~~~~~~
compilation terminated.
configure:15867: $? = 1
configure: failed program was:
| /* confdefs.h */
| #define PACKAGE_NAME ""
| #define PACKAGE_TARNAME ""
| #define PACKAGE_VERSION ""
| #define PACKAGE_STRING ""
| #define PACKAGE_BUGREPORT ""
| #define PACKAGE_URL ""
| #define PACKAGE "ipmitool"
| #define VERSION "1.8.16-cvs"
| #define HAVE_STDIO_H 1
| #define HAVE_STDLIB_H 1
| #define HAVE_STRING_H 1
| #define HAVE_INTTYPES_H 1
| #define HAVE_STDINT_H 1
| #define HAVE_STRINGS_H 1
| #define HAVE_SYS_STAT_H 1
| #define HAVE_SYS_TYPES_H 1
| #define HAVE_UNISTD_H 1
| #define HAVE_SYS_SELECT_H 1
| #define HAVE_SYS_SOCKET_H 1
| #define STDC_HEADERS 1
| #define HAVE_STDLIB_H 1
| #define HAVE_STRING_H 1
| #define HAVE_SYS_IOCTL_H 1
| #define HAVE_SYS_STAT_H 1
| #define HAVE_UNISTD_H 1
| #define HAVE_PATHS_H 1
| #define HAVE_ARPA_INET_H 1
| #define HAVE_FCNTL_H 1
| #define HAVE_NETDB_H 1
| #define HAVE_NETINET_IN_H 1
| #define HAVE_SYS_SOCKET_H 1
| #define HAVE_BYTESWAP_H 1
| #define SELECT_TYPE_ARG1 int
| #define SELECT_TYPE_ARG234 (fd_set *)
| #define SELECT_TYPE_ARG5 (struct timeval *)
| #define HAVE_ALARM 1
| #define HAVE_GETHOSTBYNAME 1
| #define HAVE_GETADDRINFO 1
| #define HAVE_GETIFADDRS 1
| #define HAVE_SOCKET 1
| #define HAVE_SELECT 1
| #define HAVE_MEMMOVE 1
| #define HAVE_MEMSET 1
| #define HAVE_STRCHR 1
| #define HAVE_STRDUP 1
| #define HAVE_STRERROR 1
| #define HAVE_DLFCN_H 1
| #define LT_OBJDIR ".libs/"
| #define ENABLE_ALL_OPTIONS 1
| #define HAVE_CRYPTO_MD5 1
| #define IPMI_INTF_LAN 1
| #define IPMI_INTF_LANPLUS 1
| /* end confdefs.h.  */
| #include <ac_nonexistent.h>
configure:15904: gcc -E  conftest.c
conftest.c:55:10: fatal error: linux/compiler.h: No such file or directory
   55 | #include <linux/compiler.h>
      |          ^~~~~~~~~~~~~~~~~~
compilation terminated.
configure:15904: $? = 1
configure: failed program was:
| /* confdefs.h */
| #define PACKAGE_NAME ""
| #define PACKAGE_TARNAME ""
| #define PACKAGE_VERSION ""
| #define PACKAGE_STRING ""
| #define PACKAGE_BUGREPORT ""
| #define PACKAGE_URL ""
| #define PACKAGE "ipmitool"
| #define VERSION "1.8.16-cvs"
| #define HAVE_STDIO_H 1
| #define HAVE_STDLIB_H 1
| #define HAVE_STRING_H 1
| #define HAVE_INTTYPES_H 1
| #define HAVE_STDINT_H 1
| #define HAVE_STRINGS_H 1
| #define HAVE_SYS_STAT_H 1
| #define HAVE_SYS_TYPES_H 1
| #define HAVE_UNISTD_H 1
| #define HAVE_SYS_SELECT_H 1
| #define HAVE_SYS_SOCKET_H 1
| #define STDC_HEADERS 1
| #define HAVE_STDLIB_H 1
| #define HAVE_STRING_H 1
| #define HAVE_SYS_IOCTL_H 1
| #define HAVE_SYS_STAT_H 1
| #define HAVE_UNISTD_H 1
| #define HAVE_PATHS_H 1
| #define HAVE_ARPA_INET_H 1
| #define HAVE_FCNTL_H 1
| #define HAVE_NETDB_H 1
| #define HAVE_NETINET_IN_H 1
| #define HAVE_SYS_SOCKET_H 1
| #define HAVE_BYTESWAP_H 1
| #define SELECT_TYPE_ARG1 int
| #define SELECT_TYPE_ARG234 (fd_set *)
| #define SELECT_TYPE_ARG5 (struct timeval *)
| #define HAVE_ALARM 1
| #define HAVE_GETHOSTBYNAME 1
| #define HAVE_GETADDRINFO 1
| #define HAVE_GETIFADDRS 1
| #define HAVE_SOCKET 1
| #define HAVE_SELECT 1
| #define HAVE_MEMMOVE 1
| #define HAVE_MEMSET 1
| #define HAVE_STRCHR 1
| #define HAVE_STRDUP 1
| #define HAVE_STRERROR 1
| #define HAVE_DLFCN_H 1
| #define LT_OBJDIR ".libs/"
| #define ENABLE_ALL_OPTIONS 1
| #define HAVE_CRYPTO_MD5 1
| #define IPMI_INTF_LAN 1
| #define IPMI_INTF_LANPLUS 1
| /* end confdefs.h.  */
| #include <linux/compiler.h>
configure:15912: result: no
configure:15921: checking for sys/ioccom.h
configure:15921: gcc -c -g -O2 -Wall -Wextra -std=c99 -pedantic -Wformat -Wformat-nonliteral  conftest.c >&5
conftest.c:83:10: fatal error: sys/ioccom.h: No such file or directory
   83 | #include <sys/ioccom.h>
      |          ^~~~~~~~~~~~~~
compilation terminated.
configure:15921: $? = 1
configure: failed program was:
| /* confdefs.h */
| #define PACKAGE_NAME ""
| #define PACKAGE_TARNAME ""
| #define PACKAGE_VERSION ""
| #define PACKAGE_STRING ""
| #define PACKAGE_BUGREPORT ""
| #define PACKAGE_URL ""
| #define PACKAGE "ipmitool"
| #define VERSION "1.8.16-cvs"
| #define HAVE_STDIO_H 1
| #define HAVE_STDLIB_H 1
| #define HAVE_STRING_H 1
| #define HAVE_INTTYPES_H 1
| #define HAVE_STDINT_H 1
| #define HAVE_STRINGS_H 1
| #define HAVE_SYS_STAT_H 1
| #define HAVE_SYS_TYPES_H 1
| #define HAVE_UNISTD_H 1
| #define HAVE_SYS_SELECT_H 1
| #define HAVE_SYS_SOCKET_H 1
| #define STDC_HEADERS 1
| #define HAVE_STDLIB_H 1
| #define HAVE_STRING_H 1
| #define HAVE_SYS_IOCTL_H 1
| #define HAVE_SYS_STAT_H 1
| #define HAVE_UNISTD_H 1
| #define HAVE_PATHS_H 1
| #define HAVE_ARPA_INET_H 1
| #define HAVE_FCNTL_H 1
| #define HAVE_NETDB_H 1
| #define HAVE_NETINET_IN_H 1
| #define HAVE_SYS_SOCKET_H 1
| #define HAVE_BYTESWAP_H 1
| #define SELECT_TYPE_ARG1 int
| #define SELECT_TYPE_ARG234 (fd_set *)
| #define SELECT_TYPE_ARG5 (struct timeval *)
| #define HAVE_ALARM 1
| #define HAVE_GETHOSTBYNAME 1
| #define HAVE_GETADDRINFO 1
| #define HAVE_GETIFADDRS 1
| #define HAVE_SOCKET 1
| #define HAVE_SELECT 1
| #define HAVE_MEMMOVE 1
| #define HAVE_MEMSET 1
| #define HAVE_STRCHR 1
| #define HAVE_STRDUP 1
| #define HAVE_STRERROR 1
| #define HAVE_DLFCN_H 1
| #define LT_OBJDIR ".libs/"
| #define ENABLE_ALL_OPTIONS 1
| #define HAVE_CRYPTO_MD5 1
| #define IPMI_INTF_LAN 1
| #define IPMI_INTF_LANPLUS 1
| /* end confdefs.h.  */
| #include <stddef.h>
| #ifdef HAVE_STDIO_H
| # include <stdio.h>
| #endif
| #ifdef HAVE_STDLIB_H
| # include <stdlib.h>
| #endif
| #ifdef HAVE_STRING_H
| # include <string.h>
| #endif
| #ifdef HAVE_INTTYPES_H
| # include <inttypes.h>
| #endif
| #ifdef HAVE_STDINT_H
| # include <stdint.h>
| #endif
| #ifdef HAVE_STRINGS_H
| # include <strings.h>
| #endif
| #ifdef HAVE_SYS_TYPES_H
| # include <sys/types.h>
| #endif
| #ifdef HAVE_SYS_STAT_H
| # include <sys/stat.h>
| #endif
| #ifdef HAVE_UNISTD_H
| # include <unistd.h>
| #endif
| #include <sys/ioccom.h>
configure:15921: result: no
configure:15930: checking for linux/ipmi.h
configure:15930: gcc -c -g -O2 -Wall -Wextra -std=c99 -pedantic -Wformat -Wformat-nonliteral  conftest.c >&5
conftest.c:83:10: fatal error: linux/ipmi.h: No such file or directory
   83 | #include <linux/ipmi.h>
      |          ^~~~~~~~~~~~~~
compilation terminated.
configure:15930: $? = 1
configure: failed program was:
| /* confdefs.h */
| #define PACKAGE_NAME ""
| #define PACKAGE_TARNAME ""
| #define PACKAGE_VERSION ""
| #define PACKAGE_STRING ""
| #define PACKAGE_BUGREPORT ""
| #define PACKAGE_URL ""
| #define PACKAGE "ipmitool"
| #define VERSION "1.8.16-cvs"
| #define HAVE_STDIO_H 1
| #define HAVE_STDLIB_H 1
| #define HAVE_STRING_H 1
| #define HAVE_INTTYPES_H 1
| #define HAVE_STDINT_H 1
| #define HAVE_STRINGS_H 1
| #define HAVE_SYS_STAT_H 1
| #define HAVE_SYS_TYPES_H 1
| #define HAVE_UNISTD_H 1
| #define HAVE_SYS_SELECT_H 1
| #define HAVE_SYS_SOCKET_H 1
| #define STDC_HEADERS 1
| #define HAVE_STDLIB_H 1
| #define HAVE_STRING_H 1
| #define HAVE_SYS_IOCTL_H 1
| #define HAVE_SYS_STAT_H 1
| #define HAVE_UNISTD_H 1
| #define HAVE_PATHS_H 1
| #define HAVE_ARPA_INET_H 1
| #define HAVE_FCNTL_H 1
| #define HAVE_NETDB_H 1
| #define HAVE_NETINET_IN_H 1
| #define HAVE_SYS_SOCKET_H 1
| #define HAVE_BYTESWAP_H 1
| #define SELECT_TYPE_ARG1 int
| #define SELECT_TYPE_ARG234 (fd_set *)
| #define SELECT_TYPE_ARG5 (struct timeval *)
| #define HAVE_ALARM 1
| #define HAVE_GETHOSTBYNAME 1
| #define HAVE_GETADDRINFO 1
| #define HAVE_GETIFADDRS 1
| #define HAVE_SOCKET 1
| #define HAVE_SELECT 1
| #define HAVE_MEMMOVE 1
| #define HAVE_MEMSET 1
| #define HAVE_STRCHR 1
| #define HAVE_STRDUP 1
| #define HAVE_STRERROR 1
| #define HAVE_DLFCN_H 1
| #define LT_OBJDIR ".libs/"
| #define ENABLE_ALL_OPTIONS 1
| #define HAVE_CRYPTO_MD5 1
| #define IPMI_INTF_LAN 1
| #define IPMI_INTF_LANPLUS 1
| /* end confdefs.h.  */
| #include <stddef.h>
| #ifdef HAVE_STDIO_H
| # include <stdio.h>
| #endif
| #ifdef HAVE_STDLIB_H
| # include <stdlib.h>
| #endif
| #ifdef HAVE_STRING_H
| # include <string.h>
| #endif
| #ifdef HAVE_INTTYPES_H
| # include <inttypes.h>
| #endif
| #ifdef HAVE_STDINT_H
| # include <stdint.h>
| #endif
| #ifdef HAVE_STRINGS_H
| # include <strings.h>
| #endif
| #ifdef HAVE_SYS_TYPES_H
| # include <sys/types.h>
| #endif
| #ifdef HAVE_SYS_STAT_H
| # include <sys/stat.h>
| #endif
| #ifdef HAVE_UNISTD_H
| # include <unistd.h>
| #endif
| #include <linux/ipmi.h>
configure:15930: result: no
configure:15937: checking for sys/ipmi.h
configure:15937: gcc -c -g -O2 -Wall -Wextra -std=c99 -pedantic -Wformat -Wformat-nonliteral  conftest.c >&5
conftest.c:83:10: fatal error: sys/ipmi.h: No such file or directory
   83 | #include <sys/ipmi.h>
      |          ^~~~~~~~~~~~
compilation terminated.
configure:15937: $? = 1
configure: failed program was:
| /* confdefs.h */
| #define PACKAGE_NAME ""
| #define PACKAGE_TARNAME ""
| #define PACKAGE_VERSION ""
| #define PACKAGE_STRING ""
| #define PACKAGE_BUGREPORT ""
| #define PACKAGE_URL ""
| #define PACKAGE "ipmitool"
| #define VERSION "1.8.16-cvs"
| #define HAVE_STDIO_H 1
| #define HAVE_STDLIB_H 1
| #define HAVE_STRING_H 1
| #define HAVE_INTTYPES_H 1
| #define HAVE_STDINT_H 1
| #define HAVE_STRINGS_H 1
| #define HAVE_SYS_STAT_H 1
| #define HAVE_SYS_TYPES_H 1
| #define HAVE_UNISTD_H 1
| #define HAVE_SYS_SELECT_H 1
| #define HAVE_SYS_SOCKET_H 1
| #define STDC_HEADERS 1
| #define HAVE_STDLIB_H 1
| #define HAVE_STRING_H 1
| #define HAVE_SYS_IOCTL_H 1
| #define HAVE_SYS_STAT_H 1
| #define HAVE_UNISTD_H 1
| #define HAVE_PATHS_H 1
| #define HAVE_ARPA_INET_H 1
| #define HAVE_FCNTL_H 1
| #define HAVE_NETDB_H 1
| #define HAVE_NETINET_IN_H 1
| #define HAVE_SYS_SOCKET_H 1
| #define HAVE_BYTESWAP_H 1
| #define SELECT_TYPE_ARG1 int
| #define SELECT_TYPE_ARG234 (fd_set *)
| #define SELECT_TYPE_ARG5 (struct timeval *)
| #define HAVE_ALARM 1
| #define HAVE_GETHOSTBYNAME 1
| #define HAVE_GETADDRINFO 1
| #define HAVE_GETIFADDRS 1
| #define HAVE_SOCKET 1
| #define HAVE_SELECT 1
| #define HAVE_MEMMOVE 1
| #define HAVE_MEMSET 1
| #define HAVE_STRCHR 1
| #define HAVE_STRDUP 1
| #define HAVE_STRERROR 1
| #define HAVE_DLFCN_H 1
| #define LT_OBJDIR ".libs/"
| #define ENABLE_ALL_OPTIONS 1
| #define HAVE_CRYPTO_MD5 1
| #define IPMI_INTF_LAN 1
| #define IPMI_INTF_LANPLUS 1
| /* end confdefs.h.  */
| #include <stddef.h>
| #ifdef HAVE_STDIO_H
| # include <stdio.h>
| #endif
| #ifdef HAVE_STDLIB_H
| # include <stdlib.h>
| #endif
| #ifdef HAVE_STRING_H
| # include <string.h>
| #endif
| #ifdef HAVE_INTTYPES_H
| # include <inttypes.h>
| #endif
| #ifdef HAVE_STDINT_H
| # include <stdint.h>
| #endif
| #ifdef HAVE_STRINGS_H
| # include <strings.h>
| #endif
| #ifdef HAVE_SYS_TYPES_H
| # include <sys/types.h>
| #endif
| #ifdef HAVE_SYS_STAT_H
| # include <sys/stat.h>
| #endif
| #ifdef HAVE_UNISTD_H
| # include <unistd.h>
| #endif
| #include <sys/ipmi.h>
configure:15937: result: no
configure:15952: checking for ipmi_open_inband in -lfreeipmi
configure:15981: gcc -o conftest.exe -g -O2 -Wall -Wextra -std=c99 -pedantic -Wformat -Wformat-nonliteral   conftest.c -lfreeipmi   -lcrypto >&5
/usr/lib/gcc/x86_64-pc-cygwin/15.3.0/../../../../x86_64-pc-cygwin/bin/ld: cannot find -lfreeipmi: No such file or directory
collect2: error: ld returned 1 exit status
configure:15981: $? = 1
configure: failed program was:
| /* confdefs.h */
| #define PACKAGE_NAME ""
| #define PACKAGE_TARNAME ""
| #define PACKAGE_VERSION ""
| #define PACKAGE_STRING ""
| #define PACKAGE_BUGREPORT ""
| #define PACKAGE_URL ""
| #define PACKAGE "ipmitool"
| #define VERSION "1.8.16-cvs"
| #define HAVE_STDIO_H 1
| #define HAVE_STDLIB_H 1
| #define HAVE_STRING_H 1
| #define HAVE_INTTYPES_H 1
| #define HAVE_STDINT_H 1
| #define HAVE_STRINGS_H 1
| #define HAVE_SYS_STAT_H 1
| #define HAVE_SYS_TYPES_H 1
| #define HAVE_UNISTD_H 1
| #define HAVE_SYS_SELECT_H 1
| #define HAVE_SYS_SOCKET_H 1
| #define STDC_HEADERS 1
| #define HAVE_STDLIB_H 1
| #define HAVE_STRING_H 1
| #define HAVE_SYS_IOCTL_H 1
| #define HAVE_SYS_STAT_H 1
| #define HAVE_UNISTD_H 1
| #define HAVE_PATHS_H 1
| #define HAVE_ARPA_INET_H 1
| #define HAVE_FCNTL_H 1
| #define HAVE_NETDB_H 1
| #define HAVE_NETINET_IN_H 1
| #define HAVE_SYS_SOCKET_H 1
| #define HAVE_BYTESWAP_H 1
| #define SELECT_TYPE_ARG1 int
| #define SELECT_TYPE_ARG234 (fd_set *)
| #define SELECT_TYPE_ARG5 (struct timeval *)
| #define HAVE_ALARM 1
| #define HAVE_GETHOSTBYNAME 1
| #define HAVE_GETADDRINFO 1
| #define HAVE_GETIFADDRS 1
| #define HAVE_SOCKET 1
| #define HAVE_SELECT 1
| #define HAVE_MEMMOVE 1
| #define HAVE_MEMSET 1
| #define HAVE_STRCHR 1
| #define HAVE_STRDUP 1
| #define HAVE_STRERROR 1
| #define HAVE_DLFCN_H 1
| #define LT_OBJDIR ".libs/"
| #define ENABLE_ALL_OPTIONS 1
| #define HAVE_CRYPTO_MD5 1
| #define IPMI_INTF_LAN 1
| #define IPMI_INTF_LANPLUS 1
| /* end confdefs.h.  */
| 
| /* Override any GCC internal prototype to avoid an error.
|    Use char because int might match the return type of a GCC
|    builtin and then its argument prototype would still apply.
|    The 'extern "C"' is for builds by C++ compilers;
|    although this is not generally supported in C code supporting it here
|    has little cost and some practical benefit (sr 110532).  */
| #ifdef __cplusplus
| extern "C"
| #endif
| char ipmi_open_inband (void);
| int
| main (void)
| {
| return ipmi_open_inband ();
|   ;
|   return 0;
| }
configure:15993: result: no
configure:16004: checking for ipmi_ctx_open_inband in -lfreeipmi
configure:16033: gcc -o conftest.exe -g -O2 -Wall -Wextra -std=c99 -pedantic -Wformat -Wformat-nonliteral   conftest.c -lfreeipmi   -lcrypto >&5
/usr/lib/gcc/x86_64-pc-cygwin/15.3.0/../../../../x86_64-pc-cygwin/bin/ld: cannot find -lfreeipmi: No such file or directory
collect2: error: ld returned 1 exit status
configure:16033: $? = 1
configure: failed program was:
| /* confdefs.h */
| #define PACKAGE_NAME ""
| #define PACKAGE_TARNAME ""
| #define PACKAGE_VERSION ""
| #define PACKAGE_STRING ""
| #define PACKAGE_BUGREPORT ""
| #define PACKAGE_URL ""
| #define PACKAGE "ipmitool"
| #define VERSION "1.8.16-cvs"
| #define HAVE_STDIO_H 1
| #define HAVE_STDLIB_H 1
| #define HAVE_STRING_H 1
| #define HAVE_INTTYPES_H 1
| #define HAVE_STDINT_H 1
| #define HAVE_STRINGS_H 1
| #define HAVE_SYS_STAT_H 1
| #define HAVE_SYS_TYPES_H 1
| #define HAVE_UNISTD_H 1
| #define HAVE_SYS_SELECT_H 1
| #define HAVE_SYS_SOCKET_H 1
| #define STDC_HEADERS 1
| #define HAVE_STDLIB_H 1
| #define HAVE_STRING_H 1
| #define HAVE_SYS_IOCTL_H 1
| #define HAVE_SYS_STAT_H 1
| #define HAVE_UNISTD_H 1
| #define HAVE_PATHS_H 1
| #define HAVE_ARPA_INET_H 1
| #define HAVE_FCNTL_H 1
| #define HAVE_NETDB_H 1
| #define HAVE_NETINET_IN_H 1
| #define HAVE_SYS_SOCKET_H 1
| #define HAVE_BYTESWAP_H 1
| #define SELECT_TYPE_ARG1 int
| #define SELECT_TYPE_ARG234 (fd_set *)
| #define SELECT_TYPE_ARG5 (struct timeval *)
| #define HAVE_ALARM 1
| #define HAVE_GETHOSTBYNAME 1
| #define HAVE_GETADDRINFO 1
| #define HAVE_GETIFADDRS 1
| #define HAVE_SOCKET 1
| #define HAVE_SELECT 1
| #define HAVE_MEMMOVE 1
| #define HAVE_MEMSET 1
| #define HAVE_STRCHR 1
| #define HAVE_STRDUP 1
| #define HAVE_STRERROR 1
| #define HAVE_DLFCN_H 1
| #define LT_OBJDIR ".libs/"
| #define ENABLE_ALL_OPTIONS 1
| #define HAVE_CRYPTO_MD5 1
| #define IPMI_INTF_LAN 1
| #define IPMI_INTF_LANPLUS 1
| /* end confdefs.h.  */
| 
| /* Override any GCC internal prototype to avoid an error.
|    Use char because int might match the return type of a GCC
|    builtin and then its argument prototype would still apply.
|    The 'extern "C"' is for builds by C++ compilers;
|    although this is not generally supported in C code supporting it here
|    has little cost and some practical benefit (sr 110532).  */
| #ifdef __cplusplus
| extern "C"
| #endif
| char ipmi_ctx_open_inband (void);
| int
| main (void)
| {
| return ipmi_ctx_open_inband ();
|   ;
|   return 0;
| }
configure:16045: result: no
configure:16316: checking for termios.h
configure:16316: gcc -c -g -O2 -Wall -Wextra -std=c99 -pedantic -Wformat -Wformat-nonliteral  conftest.c >&5
configure:16316: $? = 0
configure:16316: result: yes
configure:16444: checking for sys/lipmi/lipmi_intf.h
configure:16444: gcc -c -g -O2 -Wall -Wextra -std=c99 -pedantic -Wformat -Wformat-nonliteral  conftest.c >&5
conftest.c:84:10: fatal error: sys/lipmi/lipmi_intf.h: No such file or directory
   84 | #include <sys/lipmi/lipmi_intf.h>
      |          ^~~~~~~~~~~~~~~~~~~~~~~~
compilation terminated.
configure:16444: $? = 1
configure: failed program was:
| /* confdefs.h */
| #define PACKAGE_NAME ""
| #define PACKAGE_TARNAME ""
| #define PACKAGE_VERSION ""
| #define PACKAGE_STRING ""
| #define PACKAGE_BUGREPORT ""
| #define PACKAGE_URL ""
| #define PACKAGE "ipmitool"
| #define VERSION "1.8.16-cvs"
| #define HAVE_STDIO_H 1
| #define HAVE_STDLIB_H 1
| #define HAVE_STRING_H 1
| #define HAVE_INTTYPES_H 1
| #define HAVE_STDINT_H 1
| #define HAVE_STRINGS_H 1
| #define HAVE_SYS_STAT_H 1
| #define HAVE_SYS_TYPES_H 1
| #define HAVE_UNISTD_H 1
| #define HAVE_SYS_SELECT_H 1
| #define HAVE_SYS_SOCKET_H 1
| #define STDC_HEADERS 1
| #define HAVE_STDLIB_H 1
| #define HAVE_STRING_H 1
| #define HAVE_SYS_IOCTL_H 1
| #define HAVE_SYS_STAT_H 1
| #define HAVE_UNISTD_H 1
| #define HAVE_PATHS_H 1
| #define HAVE_ARPA_INET_H 1
| #define HAVE_FCNTL_H 1
| #define HAVE_NETDB_H 1
| #define HAVE_NETINET_IN_H 1
| #define HAVE_SYS_SOCKET_H 1
| #define HAVE_BYTESWAP_H 1
| #define SELECT_TYPE_ARG1 int
| #define SELECT_TYPE_ARG234 (fd_set *)
| #define SELECT_TYPE_ARG5 (struct timeval *)
| #define HAVE_ALARM 1
| #define HAVE_GETHOSTBYNAME 1
| #define HAVE_GETADDRINFO 1
| #define HAVE_GETIFADDRS 1
| #define HAVE_SOCKET 1
| #define HAVE_SELECT 1
| #define HAVE_MEMMOVE 1
| #define HAVE_MEMSET 1
| #define HAVE_STRCHR 1
| #define HAVE_STRDUP 1
| #define HAVE_STRERROR 1
| #define HAVE_DLFCN_H 1
| #define LT_OBJDIR ".libs/"
| #define ENABLE_ALL_OPTIONS 1
| #define HAVE_CRYPTO_MD5 1
| #define IPMI_INTF_LAN 1
| #define IPMI_INTF_LANPLUS 1
| #define HAVE_TERMIOS_H 1
| /* end confdefs.h.  */
| #include <stddef.h>
| #ifdef HAVE_STDIO_H
| # include <stdio.h>
| #endif
| #ifdef HAVE_STDLIB_H
| # include <stdlib.h>
| #endif
| #ifdef HAVE_STRING_H
| # include <string.h>
| #endif
| #ifdef HAVE_INTTYPES_H
| # include <inttypes.h>
| #endif
| #ifdef HAVE_STDINT_H
| # include <stdint.h>
| #endif
| #ifdef HAVE_STRINGS_H
| # include <strings.h>
| #endif
| #ifdef HAVE_SYS_TYPES_H
| # include <sys/types.h>
| #endif
| #ifdef HAVE_SYS_STAT_H
| # include <sys/stat.h>
| #endif
| #ifdef HAVE_UNISTD_H
| # include <unistd.h>
| #endif
| #include <sys/lipmi/lipmi_intf.h>
configure:16444: result: no
configure:16523: checking for library containing tgetent
configure:16559: gcc -o conftest.exe -g -O2 -Wall -Wextra -std=c99 -pedantic -Wformat -Wformat-nonliteral   conftest.c  -lcrypto >&5
/usr/lib/gcc/x86_64-pc-cygwin/15.3.0/../../../../x86_64-pc-cygwin/bin/ld: /tmp/cc55XIPW.o: in function `main':
/c/Users/BIOS01/Documents/Codex/2026-08-18/https-github-com-opencomputeproject-rack-manager/work/ipmitool-base/ipmitool-2c3a876a7354e3c5dc1d500bc10f90f2f40f2035/conftest.c:70:(.text.startup+0xa): undefined reference to `tgetent'
collect2: error: ld returned 1 exit status
configure:16559: $? = 1
configure: failed program was:
| /* confdefs.h */
| #define PACKAGE_NAME ""
| #define PACKAGE_TARNAME ""
| #define PACKAGE_VERSION ""
| #define PACKAGE_STRING ""
| #define PACKAGE_BUGREPORT ""
| #define PACKAGE_URL ""
| #define PACKAGE "ipmitool"
| #define VERSION "1.8.16-cvs"
| #define HAVE_STDIO_H 1
| #define HAVE_STDLIB_H 1
| #define HAVE_STRING_H 1
| #define HAVE_INTTYPES_H 1
| #define HAVE_STDINT_H 1
| #define HAVE_STRINGS_H 1
| #define HAVE_SYS_STAT_H 1
| #define HAVE_SYS_TYPES_H 1
| #define HAVE_UNISTD_H 1
| #define HAVE_SYS_SELECT_H 1
| #define HAVE_SYS_SOCKET_H 1
| #define STDC_HEADERS 1
| #define HAVE_STDLIB_H 1
| #define HAVE_STRING_H 1
| #define HAVE_SYS_IOCTL_H 1
| #define HAVE_SYS_STAT_H 1
| #define HAVE_UNISTD_H 1
| #define HAVE_PATHS_H 1
| #define HAVE_ARPA_INET_H 1
| #define HAVE_FCNTL_H 1
| #define HAVE_NETDB_H 1
| #define HAVE_NETINET_IN_H 1
| #define HAVE_SYS_SOCKET_H 1
| #define HAVE_BYTESWAP_H 1
| #define SELECT_TYPE_ARG1 int
| #define SELECT_TYPE_ARG234 (fd_set *)
| #define SELECT_TYPE_ARG5 (struct timeval *)
| #define HAVE_ALARM 1
| #define HAVE_GETHOSTBYNAME 1
| #define HAVE_GETADDRINFO 1
| #define HAVE_GETIFADDRS 1
| #define HAVE_SOCKET 1
| #define HAVE_SELECT 1
| #define HAVE_MEMMOVE 1
| #define HAVE_MEMSET 1
| #define HAVE_STRCHR 1
| #define HAVE_STRDUP 1
| #define HAVE_STRERROR 1
| #define HAVE_DLFCN_H 1
| #define LT_OBJDIR ".libs/"
| #define ENABLE_ALL_OPTIONS 1
| #define HAVE_CRYPTO_MD5 1
| #define IPMI_INTF_LAN 1
| #define IPMI_INTF_LANPLUS 1
| #define HAVE_TERMIOS_H 1
| /* end confdefs.h.  */
| 
| /* Override any GCC internal prototype to avoid an error.
|    Use char because int might match the return type of a GCC
|    builtin and then its argument prototype would still apply.
|    The 'extern "C"' is for builds by C++ compilers;
|    although this is not generally supported in C code supporting it here
|    has little cost and some practical benefit (sr 110532).  */
| #ifdef __cplusplus
| extern "C"
| #endif
| char tgetent (void);
| int
| main (void)
| {
| return tgetent ();
|   ;
|   return 0;
| }
configure:16559: gcc -o conftest.exe -g -O2 -Wall -Wextra -std=c99 -pedantic -Wformat -Wformat-nonliteral   conftest.c -ltinfo   -lcrypto >&5
/usr/lib/gcc/x86_64-pc-cygwin/15.3.0/../../../../x86_64-pc-cygwin/bin/ld: cannot find -ltinfo: No such file or directory
collect2: error: ld returned 1 exit status
configure:16559: $? = 1
configure: failed program was:
| /* confdefs.h */
| #define PACKAGE_NAME ""
| #define PACKAGE_TARNAME ""
| #define PACKAGE_VERSION ""
| #define PACKAGE_STRING ""
| #define PACKAGE_BUGREPORT ""
| #define PACKAGE_URL ""
| #define PACKAGE "ipmitool"
| #define VERSION "1.8.16-cvs"
| #define HAVE_STDIO_H 1
| #define HAVE_STDLIB_H 1
| #define HAVE_STRING_H 1
| #define HAVE_INTTYPES_H 1
| #define HAVE_STDINT_H 1
| #define HAVE_STRINGS_H 1
| #define HAVE_SYS_STAT_H 1
| #define HAVE_SYS_TYPES_H 1
| #define HAVE_UNISTD_H 1
| #define HAVE_SYS_SELECT_H 1
| #define HAVE_SYS_SOCKET_H 1
| #define STDC_HEADERS 1
| #define HAVE_STDLIB_H 1
| #define HAVE_STRING_H 1
| #define HAVE_SYS_IOCTL_H 1
| #define HAVE_SYS_STAT_H 1
| #define HAVE_UNISTD_H 1
| #define HAVE_PATHS_H 1
| #define HAVE_ARPA_INET_H 1
| #define HAVE_FCNTL_H 1
| #define HAVE_NETDB_H 1
| #define HAVE_NETINET_IN_H 1
| #define HAVE_SYS_SOCKET_H 1
| #define HAVE_BYTESWAP_H 1
| #define SELECT_TYPE_ARG1 int
| #define SELECT_TYPE_ARG234 (fd_set *)
| #define SELECT_TYPE_ARG5 (struct timeval *)
| #define HAVE_ALARM 1
| #define HAVE_GETHOSTBYNAME 1
| #define HAVE_GETADDRINFO 1
| #define HAVE_GETIFADDRS 1
| #define HAVE_SOCKET 1
| #define HAVE_SELECT 1
| #define HAVE_MEMMOVE 1
| #define HAVE_MEMSET 1
| #define HAVE_STRCHR 1
| #define HAVE_STRDUP 1
| #define HAVE_STRERROR 1
| #define HAVE_DLFCN_H 1
| #define LT_OBJDIR ".libs/"
| #define ENABLE_ALL_OPTIONS 1
| #define HAVE_CRYPTO_MD5 1
| #define IPMI_INTF_LAN 1
| #define IPMI_INTF_LANPLUS 1
| #define HAVE_TERMIOS_H 1
| /* end confdefs.h.  */
| 
| /* Override any GCC internal prototype to avoid an error.
|    Use char because int might match the return type of a GCC
|    builtin and then its argument prototype would still apply.
|    The 'extern "C"' is for builds by C++ compilers;
|    although this is not generally supported in C code supporting it here
|    has little cost and some practical benefit (sr 110532).  */
| #ifdef __cplusplus
| extern "C"
| #endif
| char tgetent (void);
| int
| main (void)
| {
| return tgetent ();
|   ;
|   return 0;
| }
configure:16559: gcc -o conftest.exe -g -O2 -Wall -Wextra -std=c99 -pedantic -Wformat -Wformat-nonliteral   conftest.c -lncurses   -lcrypto >&5
/usr/lib/gcc/x86_64-pc-cygwin/15.3.0/../../../../x86_64-pc-cygwin/bin/ld: cannot find -lncurses: No such file or directory
collect2: error: ld returned 1 exit status
configure:16559: $? = 1
configure: failed program was:
| /* confdefs.h */
| #define PACKAGE_NAME ""
| #define PACKAGE_TARNAME ""
| #define PACKAGE_VERSION ""
| #define PACKAGE_STRING ""
| #define PACKAGE_BUGREPORT ""
| #define PACKAGE_URL ""
| #define PACKAGE "ipmitool"
| #define VERSION "1.8.16-cvs"
| #define HAVE_STDIO_H 1
| #define HAVE_STDLIB_H 1
| #define HAVE_STRING_H 1
| #define HAVE_INTTYPES_H 1
| #define HAVE_STDINT_H 1
| #define HAVE_STRINGS_H 1
| #define HAVE_SYS_STAT_H 1
| #define HAVE_SYS_TYPES_H 1
| #define HAVE_UNISTD_H 1
| #define HAVE_SYS_SELECT_H 1
| #define HAVE_SYS_SOCKET_H 1
| #define STDC_HEADERS 1
| #define HAVE_STDLIB_H 1
| #define HAVE_STRING_H 1
| #define HAVE_SYS_IOCTL_H 1
| #define HAVE_SYS_STAT_H 1
| #define HAVE_UNISTD_H 1
| #define HAVE_PATHS_H 1
| #define HAVE_ARPA_INET_H 1
| #define HAVE_FCNTL_H 1
| #define HAVE_NETDB_H 1
| #define HAVE_NETINET_IN_H 1
| #define HAVE_SYS_SOCKET_H 1
| #define HAVE_BYTESWAP_H 1
| #define SELECT_TYPE_ARG1 int
| #define SELECT_TYPE_ARG234 (fd_set *)
| #define SELECT_TYPE_ARG5 (struct timeval *)
| #define HAVE_ALARM 1
| #define HAVE_GETHOSTBYNAME 1
| #define HAVE_GETADDRINFO 1
| #define HAVE_GETIFADDRS 1
| #define HAVE_SOCKET 1
| #define HAVE_SELECT 1
| #define HAVE_MEMMOVE 1
| #define HAVE_MEMSET 1
| #define HAVE_STRCHR 1
| #define HAVE_STRDUP 1
| #define HAVE_STRERROR 1
| #define HAVE_DLFCN_H 1
| #define LT_OBJDIR ".libs/"
| #define ENABLE_ALL_OPTIONS 1
| #define HAVE_CRYPTO_MD5 1
| #define IPMI_INTF_LAN 1
| #define IPMI_INTF_LANPLUS 1
| #define HAVE_TERMIOS_H 1
| /* end confdefs.h.  */
| 
| /* Override any GCC internal prototype to avoid an error.
|    Use char because int might match the return type of a GCC
|    builtin and then its argument prototype would still apply.
|    The 'extern "C"' is for builds by C++ compilers;
|    although this is not generally supported in C code supporting it here
|    has little cost and some practical benefit (sr 110532).  */
| #ifdef __cplusplus
| extern "C"
| #endif
| char tgetent (void);
| int
| main (void)
| {
| return tgetent ();
|   ;
|   return 0;
| }
configure:16559: gcc -o conftest.exe -g -O2 -Wall -Wextra -std=c99 -pedantic -Wformat -Wformat-nonliteral   conftest.c -lcurses   -lcrypto >&5
/usr/lib/gcc/x86_64-pc-cygwin/15.3.0/../../../../x86_64-pc-cygwin/bin/ld: cannot find -lcurses: No such file or directory
collect2: error: ld returned 1 exit status
configure:16559: $? = 1
configure: failed program was:
| /* confdefs.h */
| #define PACKAGE_NAME ""
| #define PACKAGE_TARNAME ""
| #define PACKAGE_VERSION ""
| #define PACKAGE_STRING ""
| #define PACKAGE_BUGREPORT ""
| #define PACKAGE_URL ""
| #define PACKAGE "ipmitool"
| #define VERSION "1.8.16-cvs"
| #define HAVE_STDIO_H 1
| #define HAVE_STDLIB_H 1
| #define HAVE_STRING_H 1
| #define HAVE_INTTYPES_H 1
| #define HAVE_STDINT_H 1
| #define HAVE_STRINGS_H 1
| #define HAVE_SYS_STAT_H 1
| #define HAVE_SYS_TYPES_H 1
| #define HAVE_UNISTD_H 1
| #define HAVE_SYS_SELECT_H 1
| #define HAVE_SYS_SOCKET_H 1
| #define STDC_HEADERS 1
| #define HAVE_STDLIB_H 1
| #define HAVE_STRING_H 1
| #define HAVE_SYS_IOCTL_H 1
| #define HAVE_SYS_STAT_H 1
| #define HAVE_UNISTD_H 1
| #define HAVE_PATHS_H 1
| #define HAVE_ARPA_INET_H 1
| #define HAVE_FCNTL_H 1
| #define HAVE_NETDB_H 1
| #define HAVE_NETINET_IN_H 1
| #define HAVE_SYS_SOCKET_H 1
| #define HAVE_BYTESWAP_H 1
| #define SELECT_TYPE_ARG1 int
| #define SELECT_TYPE_ARG234 (fd_set *)
| #define SELECT_TYPE_ARG5 (struct timeval *)
| #define HAVE_ALARM 1
| #define HAVE_GETHOSTBYNAME 1
| #define HAVE_GETADDRINFO 1
| #define HAVE_GETIFADDRS 1
| #define HAVE_SOCKET 1
| #define HAVE_SELECT 1
| #define HAVE_MEMMOVE 1
| #define HAVE_MEMSET 1
| #define HAVE_STRCHR 1
| #define HAVE_STRDUP 1
| #define HAVE_STRERROR 1
| #define HAVE_DLFCN_H 1
| #define LT_OBJDIR ".libs/"
| #define ENABLE_ALL_OPTIONS 1
| #define HAVE_CRYPTO_MD5 1
| #define IPMI_INTF_LAN 1
| #define IPMI_INTF_LANPLUS 1
| #define HAVE_TERMIOS_H 1
| /* end confdefs.h.  */
| 
| /* Override any GCC internal prototype to avoid an error.
|    Use char because int might match the return type of a GCC
|    builtin and then its argument prototype would still apply.
|    The 'extern "C"' is for builds by C++ compilers;
|    although this is not generally supported in C code supporting it here
|    has little cost and some practical benefit (sr 110532).  */
| #ifdef __cplusplus
| extern "C"
| #endif
| char tgetent (void);
| int
| main (void)
| {
| return tgetent ();
|   ;
|   return 0;
| }
configure:16559: gcc -o conftest.exe -g -O2 -Wall -Wextra -std=c99 -pedantic -Wformat -Wformat-nonliteral   conftest.c -lreadline   -lcrypto >&5
/usr/lib/gcc/x86_64-pc-cygwin/15.3.0/../../../../x86_64-pc-cygwin/bin/ld: cannot find -lreadline: No such file or directory
collect2: error: ld returned 1 exit status
configure:16559: $? = 1
configure: failed program was:
| /* confdefs.h */
| #define PACKAGE_NAME ""
| #define PACKAGE_TARNAME ""
| #define PACKAGE_VERSION ""
| #define PACKAGE_STRING ""
| #define PACKAGE_BUGREPORT ""
| #define PACKAGE_URL ""
| #define PACKAGE "ipmitool"
| #define VERSION "1.8.16-cvs"
| #define HAVE_STDIO_H 1
| #define HAVE_STDLIB_H 1
| #define HAVE_STRING_H 1
| #define HAVE_INTTYPES_H 1
| #define HAVE_STDINT_H 1
| #define HAVE_STRINGS_H 1
| #define HAVE_SYS_STAT_H 1
| #define HAVE_SYS_TYPES_H 1
| #define HAVE_UNISTD_H 1
| #define HAVE_SYS_SELECT_H 1
| #define HAVE_SYS_SOCKET_H 1
| #define STDC_HEADERS 1
| #define HAVE_STDLIB_H 1
| #define HAVE_STRING_H 1
| #define HAVE_SYS_IOCTL_H 1
| #define HAVE_SYS_STAT_H 1
| #define HAVE_UNISTD_H 1
| #define HAVE_PATHS_H 1
| #define HAVE_ARPA_INET_H 1
| #define HAVE_FCNTL_H 1
| #define HAVE_NETDB_H 1
| #define HAVE_NETINET_IN_H 1
| #define HAVE_SYS_SOCKET_H 1
| #define HAVE_BYTESWAP_H 1
| #define SELECT_TYPE_ARG1 int
| #define SELECT_TYPE_ARG234 (fd_set *)
| #define SELECT_TYPE_ARG5 (struct timeval *)
| #define HAVE_ALARM 1
| #define HAVE_GETHOSTBYNAME 1
| #define HAVE_GETADDRINFO 1
| #define HAVE_GETIFADDRS 1
| #define HAVE_SOCKET 1
| #define HAVE_SELECT 1
| #define HAVE_MEMMOVE 1
| #define HAVE_MEMSET 1
| #define HAVE_STRCHR 1
| #define HAVE_STRDUP 1
| #define HAVE_STRERROR 1
| #define HAVE_DLFCN_H 1
| #define LT_OBJDIR ".libs/"
| #define ENABLE_ALL_OPTIONS 1
| #define HAVE_CRYPTO_MD5 1
| #define IPMI_INTF_LAN 1
| #define IPMI_INTF_LANPLUS 1
| #define HAVE_TERMIOS_H 1
| /* end confdefs.h.  */
| 
| /* Override any GCC internal prototype to avoid an error.
|    Use char because int might match the return type of a GCC
|    builtin and then its argument prototype would still apply.
|    The 'extern "C"' is for builds by C++ compilers;
|    although this is not generally supported in C code supporting it here
|    has little cost and some practical benefit (sr 110532).  */
| #ifdef __cplusplus
| extern "C"
| #endif
| char tgetent (void);
| int
| main (void)
| {
| return tgetent ();
|   ;
|   return 0;
| }
configure:16559: gcc -o conftest.exe -g -O2 -Wall -Wextra -std=c99 -pedantic -Wformat -Wformat-nonliteral   conftest.c -ltermcap   -lcrypto >&5
/usr/lib/gcc/x86_64-pc-cygwin/15.3.0/../../../../x86_64-pc-cygwin/bin/ld: cannot find -ltermcap: No such file or directory
collect2: error: ld returned 1 exit status
configure:16559: $? = 1
configure: failed program was:
| /* confdefs.h */
| #define PACKAGE_NAME ""
| #define PACKAGE_TARNAME ""
| #define PACKAGE_VERSION ""
| #define PACKAGE_STRING ""
| #define PACKAGE_BUGREPORT ""
| #define PACKAGE_URL ""
| #define PACKAGE "ipmitool"
| #define VERSION "1.8.16-cvs"
| #define HAVE_STDIO_H 1
| #define HAVE_STDLIB_H 1
| #define HAVE_STRING_H 1
| #define HAVE_INTTYPES_H 1
| #define HAVE_STDINT_H 1
| #define HAVE_STRINGS_H 1
| #define HAVE_SYS_STAT_H 1
| #define HAVE_SYS_TYPES_H 1
| #define HAVE_UNISTD_H 1
| #define HAVE_SYS_SELECT_H 1
| #define HAVE_SYS_SOCKET_H 1
| #define STDC_HEADERS 1
| #define HAVE_STDLIB_H 1
| #define HAVE_STRING_H 1
| #define HAVE_SYS_IOCTL_H 1
| #define HAVE_SYS_STAT_H 1
| #define HAVE_UNISTD_H 1
| #define HAVE_PATHS_H 1
| #define HAVE_ARPA_INET_H 1
| #define HAVE_FCNTL_H 1
| #define HAVE_NETDB_H 1
| #define HAVE_NETINET_IN_H 1
| #define HAVE_SYS_SOCKET_H 1
| #define HAVE_BYTESWAP_H 1
| #define SELECT_TYPE_ARG1 int
| #define SELECT_TYPE_ARG234 (fd_set *)
| #define SELECT_TYPE_ARG5 (struct timeval *)
| #define HAVE_ALARM 1
| #define HAVE_GETHOSTBYNAME 1
| #define HAVE_GETADDRINFO 1
| #define HAVE_GETIFADDRS 1
| #define HAVE_SOCKET 1
| #define HAVE_SELECT 1
| #define HAVE_MEMMOVE 1
| #define HAVE_MEMSET 1
| #define HAVE_STRCHR 1
| #define HAVE_STRDUP 1
| #define HAVE_STRERROR 1
| #define HAVE_DLFCN_H 1
| #define LT_OBJDIR ".libs/"
| #define ENABLE_ALL_OPTIONS 1
| #define HAVE_CRYPTO_MD5 1
| #define IPMI_INTF_LAN 1
| #define IPMI_INTF_LANPLUS 1
| #define HAVE_TERMIOS_H 1
| /* end confdefs.h.  */
| 
| /* Override any GCC internal prototype to avoid an error.
|    Use char because int might match the return type of a GCC
|    builtin and then its argument prototype would still apply.
|    The 'extern "C"' is for builds by C++ compilers;
|    although this is not generally supported in C code supporting it here
|    has little cost and some practical benefit (sr 110532).  */
| #ifdef __cplusplus
| extern "C"
| #endif
| char tgetent (void);
| int
| main (void)
| {
| return tgetent ();
|   ;
|   return 0;
| }
configure:16581: result: no
configure:16590: checking for library containing initscr
configure:16626: gcc -o conftest.exe -g -O2 -Wall -Wextra -std=c99 -pedantic -Wformat -Wformat-nonliteral   conftest.c  -lcrypto >&5
/usr/lib/gcc/x86_64-pc-cygwin/15.3.0/../../../../x86_64-pc-cygwin/bin/ld: /tmp/ccurstsN.o: in function `main':
/c/Users/BIOS01/Documents/Codex/2026-08-18/https-github-com-opencomputeproject-rack-manager/work/ipmitool-base/ipmitool-2c3a876a7354e3c5dc1d500bc10f90f2f40f2035/conftest.c:70:(.text.startup+0xa): undefined reference to `initscr'
collect2: error: ld returned 1 exit status
configure:16626: $? = 1
configure: failed program was:
| /* confdefs.h */
| #define PACKAGE_NAME ""
| #define PACKAGE_TARNAME ""
| #define PACKAGE_VERSION ""
| #define PACKAGE_STRING ""
| #define PACKAGE_BUGREPORT ""
| #define PACKAGE_URL ""
| #define PACKAGE "ipmitool"
| #define VERSION "1.8.16-cvs"
| #define HAVE_STDIO_H 1
| #define HAVE_STDLIB_H 1
| #define HAVE_STRING_H 1
| #define HAVE_INTTYPES_H 1
| #define HAVE_STDINT_H 1
| #define HAVE_STRINGS_H 1
| #define HAVE_SYS_STAT_H 1
| #define HAVE_SYS_TYPES_H 1
| #define HAVE_UNISTD_H 1
| #define HAVE_SYS_SELECT_H 1
| #define HAVE_SYS_SOCKET_H 1
| #define STDC_HEADERS 1
| #define HAVE_STDLIB_H 1
| #define HAVE_STRING_H 1
| #define HAVE_SYS_IOCTL_H 1
| #define HAVE_SYS_STAT_H 1
| #define HAVE_UNISTD_H 1
| #define HAVE_PATHS_H 1
| #define HAVE_ARPA_INET_H 1
| #define HAVE_FCNTL_H 1
| #define HAVE_NETDB_H 1
| #define HAVE_NETINET_IN_H 1
| #define HAVE_SYS_SOCKET_H 1
| #define HAVE_BYTESWAP_H 1
| #define SELECT_TYPE_ARG1 int
| #define SELECT_TYPE_ARG234 (fd_set *)
| #define SELECT_TYPE_ARG5 (struct timeval *)
| #define HAVE_ALARM 1
| #define HAVE_GETHOSTBYNAME 1
| #define HAVE_GETADDRINFO 1
| #define HAVE_GETIFADDRS 1
| #define HAVE_SOCKET 1
| #define HAVE_SELECT 1
| #define HAVE_MEMMOVE 1
| #define HAVE_MEMSET 1
| #define HAVE_STRCHR 1
| #define HAVE_STRDUP 1
| #define HAVE_STRERROR 1
| #define HAVE_DLFCN_H 1
| #define LT_OBJDIR ".libs/"
| #define ENABLE_ALL_OPTIONS 1
| #define HAVE_CRYPTO_MD5 1
| #define IPMI_INTF_LAN 1
| #define IPMI_INTF_LANPLUS 1
| #define HAVE_TERMIOS_H 1
| /* end confdefs.h.  */
| 
| /* Override any GCC internal prototype to avoid an error.
|    Use char because int might match the return type of a GCC
|    builtin and then its argument prototype would still apply.
|    The 'extern "C"' is for builds by C++ compilers;
|    although this is not generally supported in C code supporting it here
|    has little cost and some practical benefit (sr 110532).  */
| #ifdef __cplusplus
| extern "C"
| #endif
| char initscr (void);
| int
| main (void)
| {
| return initscr ();
|   ;
|   return 0;
| }
configure:16626: gcc -o conftest.exe -g -O2 -Wall -Wextra -std=c99 -pedantic -Wformat -Wformat-nonliteral   conftest.c -lncurses   -lcrypto >&5
/usr/lib/gcc/x86_64-pc-cygwin/15.3.0/../../../../x86_64-pc-cygwin/bin/ld: cannot find -lncurses: No such file or directory
collect2: error: ld returned 1 exit status
configure:16626: $? = 1
configure: failed program was:
| /* confdefs.h */
| #define PACKAGE_NAME ""
| #define PACKAGE_TARNAME ""
| #define PACKAGE_VERSION ""
| #define PACKAGE_STRING ""
| #define PACKAGE_BUGREPORT ""
| #define PACKAGE_URL ""
| #define PACKAGE "ipmitool"
| #define VERSION "1.8.16-cvs"
| #define HAVE_STDIO_H 1
| #define HAVE_STDLIB_H 1
| #define HAVE_STRING_H 1
| #define HAVE_INTTYPES_H 1
| #define HAVE_STDINT_H 1
| #define HAVE_STRINGS_H 1
| #define HAVE_SYS_STAT_H 1
| #define HAVE_SYS_TYPES_H 1
| #define HAVE_UNISTD_H 1
| #define HAVE_SYS_SELECT_H 1
| #define HAVE_SYS_SOCKET_H 1
| #define STDC_HEADERS 1
| #define HAVE_STDLIB_H 1
| #define HAVE_STRING_H 1
| #define HAVE_SYS_IOCTL_H 1
| #define HAVE_SYS_STAT_H 1
| #define HAVE_UNISTD_H 1
| #define HAVE_PATHS_H 1
| #define HAVE_ARPA_INET_H 1
| #define HAVE_FCNTL_H 1
| #define HAVE_NETDB_H 1
| #define HAVE_NETINET_IN_H 1
| #define HAVE_SYS_SOCKET_H 1
| #define HAVE_BYTESWAP_H 1
| #define SELECT_TYPE_ARG1 int
| #define SELECT_TYPE_ARG234 (fd_set *)
| #define SELECT_TYPE_ARG5 (struct timeval *)
| #define HAVE_ALARM 1
| #define HAVE_GETHOSTBYNAME 1
| #define HAVE_GETADDRINFO 1
| #define HAVE_GETIFADDRS 1
| #define HAVE_SOCKET 1
| #define HAVE_SELECT 1
| #define HAVE_MEMMOVE 1
| #define HAVE_MEMSET 1
| #define HAVE_STRCHR 1
| #define HAVE_STRDUP 1
| #define HAVE_STRERROR 1
| #define HAVE_DLFCN_H 1
| #define LT_OBJDIR ".libs/"
| #define ENABLE_ALL_OPTIONS 1
| #define HAVE_CRYPTO_MD5 1
| #define IPMI_INTF_LAN 1
| #define IPMI_INTF_LANPLUS 1
| #define HAVE_TERMIOS_H 1
| /* end confdefs.h.  */
| 
| /* Override any GCC internal prototype to avoid an error.
|    Use char because int might match the return type of a GCC
|    builtin and then its argument prototype would still apply.
|    The 'extern "C"' is for builds by C++ compilers;
|    although this is not generally supported in C code supporting it here
|    has little cost and some practical benefit (sr 110532).  */
| #ifdef __cplusplus
| extern "C"
| #endif
| char initscr (void);
| int
| main (void)
| {
| return initscr ();
|   ;
|   return 0;
| }
configure:16626: gcc -o conftest.exe -g -O2 -Wall -Wextra -std=c99 -pedantic -Wformat -Wformat-nonliteral   conftest.c -lcurses   -lcrypto >&5
/usr/lib/gcc/x86_64-pc-cygwin/15.3.0/../../../../x86_64-pc-cygwin/bin/ld: cannot find -lcurses: No such file or directory
collect2: error: ld returned 1 exit status
configure:16626: $? = 1
configure: failed program was:
| /* confdefs.h */
| #define PACKAGE_NAME ""
| #define PACKAGE_TARNAME ""
| #define PACKAGE_VERSION ""
| #define PACKAGE_STRING ""
| #define PACKAGE_BUGREPORT ""
| #define PACKAGE_URL ""
| #define PACKAGE "ipmitool"
| #define VERSION "1.8.16-cvs"
| #define HAVE_STDIO_H 1
| #define HAVE_STDLIB_H 1
| #define HAVE_STRING_H 1
| #define HAVE_INTTYPES_H 1
| #define HAVE_STDINT_H 1
| #define HAVE_STRINGS_H 1
| #define HAVE_SYS_STAT_H 1
| #define HAVE_SYS_TYPES_H 1
| #define HAVE_UNISTD_H 1
| #define HAVE_SYS_SELECT_H 1
| #define HAVE_SYS_SOCKET_H 1
| #define STDC_HEADERS 1
| #define HAVE_STDLIB_H 1
| #define HAVE_STRING_H 1
| #define HAVE_SYS_IOCTL_H 1
| #define HAVE_SYS_STAT_H 1
| #define HAVE_UNISTD_H 1
| #define HAVE_PATHS_H 1
| #define HAVE_ARPA_INET_H 1
| #define HAVE_FCNTL_H 1
| #define HAVE_NETDB_H 1
| #define HAVE_NETINET_IN_H 1
| #define HAVE_SYS_SOCKET_H 1
| #define HAVE_BYTESWAP_H 1
| #define SELECT_TYPE_ARG1 int
| #define SELECT_TYPE_ARG234 (fd_set *)
| #define SELECT_TYPE_ARG5 (struct timeval *)
| #define HAVE_ALARM 1
| #define HAVE_GETHOSTBYNAME 1
| #define HAVE_GETADDRINFO 1
| #define HAVE_GETIFADDRS 1
| #define HAVE_SOCKET 1
| #define HAVE_SELECT 1
| #define HAVE_MEMMOVE 1
| #define HAVE_MEMSET 1
| #define HAVE_STRCHR 1
| #define HAVE_STRDUP 1
| #define HAVE_STRERROR 1
| #define HAVE_DLFCN_H 1
| #define LT_OBJDIR ".libs/"
| #define ENABLE_ALL_OPTIONS 1
| #define HAVE_CRYPTO_MD5 1
| #define IPMI_INTF_LAN 1
| #define IPMI_INTF_LANPLUS 1
| #define HAVE_TERMIOS_H 1
| /* end confdefs.h.  */
| 
| /* Override any GCC internal prototype to avoid an error.
|    Use char because int might match the return type of a GCC
|    builtin and then its argument prototype would still apply.
|    The 'extern "C"' is for builds by C++ compilers;
|    although this is not generally supported in C code supporting it here
|    has little cost and some practical benefit (sr 110532).  */
| #ifdef __cplusplus
| extern "C"
| #endif
| char initscr (void);
| int
| main (void)
| {
| return initscr ();
|   ;
|   return 0;
| }
configure:16648: result: no
configure:16657: checking for library containing readline
configure:16693: gcc -o conftest.exe -g -O2 -Wall -Wextra -std=c99 -pedantic -Wformat -Wformat-nonliteral   conftest.c  -lcrypto >&5
/usr/lib/gcc/x86_64-pc-cygwin/15.3.0/../../../../x86_64-pc-cygwin/bin/ld: /tmp/cco9BSJP.o: in function `main':
/c/Users/BIOS01/Documents/Codex/2026-08-18/https-github-com-opencomputeproject-rack-manager/work/ipmitool-base/ipmitool-2c3a876a7354e3c5dc1d500bc10f90f2f40f2035/conftest.c:70:(.text.startup+0xa): undefined reference to `readline'
collect2: error: ld returned 1 exit status
configure:16693: $? = 1
configure: failed program was:
| /* confdefs.h */
| #define PACKAGE_NAME ""
| #define PACKAGE_TARNAME ""
| #define PACKAGE_VERSION ""
| #define PACKAGE_STRING ""
| #define PACKAGE_BUGREPORT ""
| #define PACKAGE_URL ""
| #define PACKAGE "ipmitool"
| #define VERSION "1.8.16-cvs"
| #define HAVE_STDIO_H 1
| #define HAVE_STDLIB_H 1
| #define HAVE_STRING_H 1
| #define HAVE_INTTYPES_H 1
| #define HAVE_STDINT_H 1
| #define HAVE_STRINGS_H 1
| #define HAVE_SYS_STAT_H 1
| #define HAVE_SYS_TYPES_H 1
| #define HAVE_UNISTD_H 1
| #define HAVE_SYS_SELECT_H 1
| #define HAVE_SYS_SOCKET_H 1
| #define STDC_HEADERS 1
| #define HAVE_STDLIB_H 1
| #define HAVE_STRING_H 1
| #define HAVE_SYS_IOCTL_H 1
| #define HAVE_SYS_STAT_H 1
| #define HAVE_UNISTD_H 1
| #define HAVE_PATHS_H 1
| #define HAVE_ARPA_INET_H 1
| #define HAVE_FCNTL_H 1
| #define HAVE_NETDB_H 1
| #define HAVE_NETINET_IN_H 1
| #define HAVE_SYS_SOCKET_H 1
| #define HAVE_BYTESWAP_H 1
| #define SELECT_TYPE_ARG1 int
| #define SELECT_TYPE_ARG234 (fd_set *)
| #define SELECT_TYPE_ARG5 (struct timeval *)
| #define HAVE_ALARM 1
| #define HAVE_GETHOSTBYNAME 1
| #define HAVE_GETADDRINFO 1
| #define HAVE_GETIFADDRS 1
| #define HAVE_SOCKET 1
| #define HAVE_SELECT 1
| #define HAVE_MEMMOVE 1
| #define HAVE_MEMSET 1
| #define HAVE_STRCHR 1
| #define HAVE_STRDUP 1
| #define HAVE_STRERROR 1
| #define HAVE_DLFCN_H 1
| #define LT_OBJDIR ".libs/"
| #define ENABLE_ALL_OPTIONS 1
| #define HAVE_CRYPTO_MD5 1
| #define IPMI_INTF_LAN 1
| #define IPMI_INTF_LANPLUS 1
| #define HAVE_TERMIOS_H 1
| /* end confdefs.h.  */
| 
| /* Override any GCC internal prototype to avoid an error.
|    Use char because int might match the return type of a GCC
|    builtin and then its argument prototype would still apply.
|    The 'extern "C"' is for builds by C++ compilers;
|    although this is not generally supported in C code supporting it here
|    has little cost and some practical benefit (sr 110532).  */
| #ifdef __cplusplus
| extern "C"
| #endif
| char readline (void);
| int
| main (void)
| {
| return readline ();
|   ;
|   return 0;
| }
configure:16693: gcc -o conftest.exe -g -O2 -Wall -Wextra -std=c99 -pedantic -Wformat -Wformat-nonliteral   conftest.c -lreadline   -lcrypto >&5
/usr/lib/gcc/x86_64-pc-cygwin/15.3.0/../../../../x86_64-pc-cygwin/bin/ld: cannot find -lreadline: No such file or directory
collect2: error: ld returned 1 exit status
configure:16693: $? = 1
configure: failed program was:
| /* confdefs.h */
| #define PACKAGE_NAME ""
| #define PACKAGE_TARNAME ""
| #define PACKAGE_VERSION ""
| #define PACKAGE_STRING ""
| #define PACKAGE_BUGREPORT ""
| #define PACKAGE_URL ""
| #define PACKAGE "ipmitool"
| #define VERSION "1.8.16-cvs"
| #define HAVE_STDIO_H 1
| #define HAVE_STDLIB_H 1
| #define HAVE_STRING_H 1
| #define HAVE_INTTYPES_H 1
| #define HAVE_STDINT_H 1
| #define HAVE_STRINGS_H 1
| #define HAVE_SYS_STAT_H 1
| #define HAVE_SYS_TYPES_H 1
| #define HAVE_UNISTD_H 1
| #define HAVE_SYS_SELECT_H 1
| #define HAVE_SYS_SOCKET_H 1
| #define STDC_HEADERS 1
| #define HAVE_STDLIB_H 1
| #define HAVE_STRING_H 1
| #define HAVE_SYS_IOCTL_H 1
| #define HAVE_SYS_STAT_H 1
| #define HAVE_UNISTD_H 1
| #define HAVE_PATHS_H 1
| #define HAVE_ARPA_INET_H 1
| #define HAVE_FCNTL_H 1
| #define HAVE_NETDB_H 1
| #define HAVE_NETINET_IN_H 1
| #define HAVE_SYS_SOCKET_H 1
| #define HAVE_BYTESWAP_H 1
| #define SELECT_TYPE_ARG1 int
| #define SELECT_TYPE_ARG234 (fd_set *)
| #define SELECT_TYPE_ARG5 (struct timeval *)
| #define HAVE_ALARM 1
| #define HAVE_GETHOSTBYNAME 1
| #define HAVE_GETADDRINFO 1
| #define HAVE_GETIFADDRS 1
| #define HAVE_SOCKET 1
| #define HAVE_SELECT 1
| #define HAVE_MEMMOVE 1
| #define HAVE_MEMSET 1
| #define HAVE_STRCHR 1
| #define HAVE_STRDUP 1
| #define HAVE_STRERROR 1
| #define HAVE_DLFCN_H 1
| #define LT_OBJDIR ".libs/"
| #define ENABLE_ALL_OPTIONS 1
| #define HAVE_CRYPTO_MD5 1
| #define IPMI_INTF_LAN 1
| #define IPMI_INTF_LANPLUS 1
| #define HAVE_TERMIOS_H 1
| /* end confdefs.h.  */
| 
| /* Override any GCC internal prototype to avoid an error.
|    Use char because int might match the return type of a GCC
|    builtin and then its argument prototype would still apply.
|    The 'extern "C"' is for builds by C++ compilers;
|    although this is not generally supported in C code supporting it here
|    has little cost and some practical benefit (sr 110532).  */
| #ifdef __cplusplus
| extern "C"
| #endif
| char readline (void);
| int
| main (void)
| {
| return readline ();
|   ;
|   return 0;
| }
configure:16693: gcc -o conftest.exe -g -O2 -Wall -Wextra -std=c99 -pedantic -Wformat -Wformat-nonliteral   conftest.c -ledit   -lcrypto >&5
/usr/lib/gcc/x86_64-pc-cygwin/15.3.0/../../../../x86_64-pc-cygwin/bin/ld: cannot find -ledit: No such file or directory
collect2: error: ld returned 1 exit status
configure:16693: $? = 1
configure: failed program was:
| /* confdefs.h */
| #define PACKAGE_NAME ""
| #define PACKAGE_TARNAME ""
| #define PACKAGE_VERSION ""
| #define PACKAGE_STRING ""
| #define PACKAGE_BUGREPORT ""
| #define PACKAGE_URL ""
| #define PACKAGE "ipmitool"
| #define VERSION "1.8.16-cvs"
| #define HAVE_STDIO_H 1
| #define HAVE_STDLIB_H 1
| #define HAVE_STRING_H 1
| #define HAVE_INTTYPES_H 1
| #define HAVE_STDINT_H 1
| #define HAVE_STRINGS_H 1
| #define HAVE_SYS_STAT_H 1
| #define HAVE_SYS_TYPES_H 1
| #define HAVE_UNISTD_H 1
| #define HAVE_SYS_SELECT_H 1
| #define HAVE_SYS_SOCKET_H 1
| #define STDC_HEADERS 1
| #define HAVE_STDLIB_H 1
| #define HAVE_STRING_H 1
| #define HAVE_SYS_IOCTL_H 1
| #define HAVE_SYS_STAT_H 1
| #define HAVE_UNISTD_H 1
| #define HAVE_PATHS_H 1
| #define HAVE_ARPA_INET_H 1
| #define HAVE_FCNTL_H 1
| #define HAVE_NETDB_H 1
| #define HAVE_NETINET_IN_H 1
| #define HAVE_SYS_SOCKET_H 1
| #define HAVE_BYTESWAP_H 1
| #define SELECT_TYPE_ARG1 int
| #define SELECT_TYPE_ARG234 (fd_set *)
| #define SELECT_TYPE_ARG5 (struct timeval *)
| #define HAVE_ALARM 1
| #define HAVE_GETHOSTBYNAME 1
| #define HAVE_GETADDRINFO 1
| #define HAVE_GETIFADDRS 1
| #define HAVE_SOCKET 1
| #define HAVE_SELECT 1
| #define HAVE_MEMMOVE 1
| #define HAVE_MEMSET 1
| #define HAVE_STRCHR 1
| #define HAVE_STRDUP 1
| #define HAVE_STRERROR 1
| #define HAVE_DLFCN_H 1
| #define LT_OBJDIR ".libs/"
| #define ENABLE_ALL_OPTIONS 1
| #define HAVE_CRYPTO_MD5 1
| #define IPMI_INTF_LAN 1
| #define IPMI_INTF_LANPLUS 1
| #define HAVE_TERMIOS_H 1
| /* end confdefs.h.  */
| 
| /* Override any GCC internal prototype to avoid an error.
|    Use char because int might match the return type of a GCC
|    builtin and then its argument prototype would still apply.
|    The 'extern "C"' is for builds by C++ compilers;
|    although this is not generally supported in C code supporting it here
|    has little cost and some practical benefit (sr 110532).  */
| #ifdef __cplusplus
| extern "C"
| #endif
| char readline (void);
| int
| main (void)
| {
| return readline ();
|   ;
|   return 0;
| }
configure:16715: result: no
configure:17008: gcc -c -g -O2 -Wall -Wextra -std=c99 -pedantic -Wformat -Wformat-nonliteral  conftest.c >&5
In file included from conftest.c:61:
/usr/include/stdio.h: In function 'main':
/usr/include/stdio.h:671:22: error: invalid storage class for function '__sgetc_r'
  671 | _ELIDABLE_INLINE int __sgetc_r(struct _reent *__ptr, FILE *__p);
      |                      ^~~~~~~~~
/usr/include/stdio.h:673:22: error: invalid storage class for function '__sgetc_r'
  673 | _ELIDABLE_INLINE int __sgetc_r(struct _reent *__ptr, FILE *__p)
      |                      ^~~~~~~~~
/usr/include/stdio.h:691:22: error: invalid storage class for function '__sputc_r'
  691 | _ELIDABLE_INLINE int __sputc_r(struct _reent *_ptr, int _c, FILE *_p) {
      |                      ^~~~~~~~~
/usr/include/stdio.h:746:1: error: invalid storage class for function '_getchar_unlocked'
  746 | _getchar_unlocked(void)
      | ^~~~~~~~~~~~~~~~~
/usr/include/stdio.h:755:1: error: invalid storage class for function '_putchar_unlocked'
  755 | _putchar_unlocked(int _c)
      | ^~~~~~~~~~~~~~~~~
conftest.c:69:9: note: offset of packed bit-field 't1' has changed in GCC 4.4
   69 |         } __attribute__ ((packed));
      |         ^
conftest.c:69:9: note: offset of packed bit-field 't3' has changed in GCC 4.4
conftest.c:71:9: warning: ISO C forbids nested functions [-Wpedantic]
   71 |         int
      |         ^~~
conftest.c:72:9: warning: 'main' is normally a non-static function [-Wmain]
   72 |         main(int argc, char ** argv)
      |         ^~~~
conftest.c: In function 'main':
conftest.c:72:18: warning: unused parameter 'argc' [-Wunused-parameter]
   72 |         main(int argc, char ** argv)
      |              ~~~~^~~~
conftest.c:72:32: warning: unused parameter 'argv' [-Wunused-parameter]
   72 |         main(int argc, char ** argv)
      |                        ~~~~~~~~^~~~
conftest.c: At top level:
conftest.c:72:9: warning: 'main' defined but not used [-Wunused-function]
   72 |         main(int argc, char ** argv)
      |         ^~~~
configure:17008: $? = 1
configure: failed program was:
| /* confdefs.h */
| #define PACKAGE_NAME ""
| #define PACKAGE_TARNAME ""
| #define PACKAGE_VERSION ""
| #define PACKAGE_STRING ""
| #define PACKAGE_BUGREPORT ""
| #define PACKAGE_URL ""
| #define PACKAGE "ipmitool"
| #define VERSION "1.8.16-cvs"
| #define HAVE_STDIO_H 1
| #define HAVE_STDLIB_H 1
| #define HAVE_STRING_H 1
| #define HAVE_INTTYPES_H 1
| #define HAVE_STDINT_H 1
| #define HAVE_STRINGS_H 1
| #define HAVE_SYS_STAT_H 1
| #define HAVE_SYS_TYPES_H 1
| #define HAVE_UNISTD_H 1
| #define HAVE_SYS_SELECT_H 1
| #define HAVE_SYS_SOCKET_H 1
| #define STDC_HEADERS 1
| #define HAVE_STDLIB_H 1
| #define HAVE_STRING_H 1
| #define HAVE_SYS_IOCTL_H 1
| #define HAVE_SYS_STAT_H 1
| #define HAVE_UNISTD_H 1
| #define HAVE_PATHS_H 1
| #define HAVE_ARPA_INET_H 1
| #define HAVE_FCNTL_H 1
| #define HAVE_NETDB_H 1
| #define HAVE_NETINET_IN_H 1
| #define HAVE_SYS_SOCKET_H 1
| #define HAVE_BYTESWAP_H 1
| #define SELECT_TYPE_ARG1 int
| #define SELECT_TYPE_ARG234 (fd_set *)
| #define SELECT_TYPE_ARG5 (struct timeval *)
| #define HAVE_ALARM 1
| #define HAVE_GETHOSTBYNAME 1
| #define HAVE_GETADDRINFO 1
| #define HAVE_GETIFADDRS 1
| #define HAVE_SOCKET 1
| #define HAVE_SELECT 1
| #define HAVE_MEMMOVE 1
| #define HAVE_MEMSET 1
| #define HAVE_STRCHR 1
| #define HAVE_STRDUP 1
| #define HAVE_STRERROR 1
| #define HAVE_DLFCN_H 1
| #define LT_OBJDIR ".libs/"
| #define ENABLE_ALL_OPTIONS 1
| #define HAVE_CRYPTO_MD5 1
| #define IPMI_INTF_LAN 1
| #define IPMI_INTF_LANPLUS 1
| #define HAVE_TERMIOS_H 1
| /* end confdefs.h.  */
| 
| int
| main (void)
| {
| 
| 	#include <stdio.h>
| 
| 	struct packstruct {
| 		unsigned char t0       :5;
| 		unsigned char t1       :5;
| 		unsigned char t2       :5;
| 		unsigned char t3       :5;
| 		unsigned char t4       :4;
| 	} __attribute__ ((packed));
| 
| 	int
| 	main(int argc, char ** argv)
| 	{
| 	if(sizeof(struct packstruct) != 3)
| 	return(1);
| 	else
| 	return(0);
| 	}
| 
|   ;
|   return 0;
| }
configure:17095: checking that generated files are newer than configure
configure:17101: result: done
configure:17145: creating ./config.status

## ---------------------- ##
## Running config.status. ##
## ---------------------- ##

This file was extended by config.status, which was
generated by GNU Autoconf 2.73.  Invocation command line was

  CONFIG_FILES    = 
  CONFIG_HEADERS  = 
  CONFIG_LINKS    = 
  CONFIG_COMMANDS = 
  $ ./config.status 

on BIOS001

config.status:1186: creating Makefile
config.status:1186: creating doc/Makefile
config.status:1186: creating contrib/Makefile
config.status:1186: creating control/Makefile
config.status:1186: creating control/pkginfo
config.status:1186: creating control/prototype
config.status:1186: creating control/rpmmacros
config.status:1186: creating control/ipmitool.spec
config.status:1186: creating lib/Makefile
config.status:1186: creating include/Makefile
config.status:1186: creating include/ipmitool/Makefile
config.status:1186: creating src/Makefile
config.status:1186: creating src/plugins/Makefile
config.status:1186: creating src/plugins/lan/Makefile
config.status:1186: creating src/plugins/lanplus/Makefile
config.status:1186: creating src/plugins/open/Makefile
config.status:1186: creating src/plugins/free/Makefile
config.status:1186: creating src/plugins/imb/Makefile
config.status:1186: creating src/plugins/bmc/Makefile
config.status:1186: creating src/plugins/usb/Makefile
config.status:1186: creating src/plugins/lipmi/Makefile
config.status:1186: creating src/plugins/serial/Makefile
config.status:1186: creating src/plugins/dummy/Makefile
config.status:1186: creating config.h
config.status:1415: executing depfiles commands
config.status:1490: cd lib       && sed -e '/# am--include-marker/d' Makefile         | make -f - am--depfiles
make: Nothing to be done for 'am--depfiles'.
config.status:1497: $? = 0
config.status:1490: cd src       && sed -e '/# am--include-marker/d' Makefile         | make -f - am--depfiles
make: Nothing to be done for 'am--depfiles'.
config.status:1497: $? = 0
config.status:1490: cd src/plugins       && sed -e '/# am--include-marker/d' Makefile         | make -f - am--depfiles
make: Nothing to be done for 'am--depfiles'.
config.status:1497: $? = 0
config.status:1490: cd src/plugins/lan       && sed -e '/# am--include-marker/d' Makefile         | make -f - am--depfiles
make: Nothing to be done for 'am--depfiles'.
config.status:1497: $? = 0
config.status:1490: cd src/plugins/lanplus       && sed -e '/# am--include-marker/d' Makefile         | make -f - am--depfiles
make: Nothing to be done for 'am--depfiles'.
config.status:1497: $? = 0
config.status:1490: cd src/plugins/open       && sed -e '/# am--include-marker/d' Makefile         | make -f - am--depfiles
make: Nothing to be done for 'am--depfiles'.
config.status:1497: $? = 0
config.status:1490: cd src/plugins/free       && sed -e '/# am--include-marker/d' Makefile         | make -f - am--depfiles
make: Nothing to be done for 'am--depfiles'.
config.status:1497: $? = 0
config.status:1490: cd src/plugins/imb       && sed -e '/# am--include-marker/d' Makefile         | make -f - am--depfiles
make: Nothing to be done for 'am--depfiles'.
config.status:1497: $? = 0
config.status:1490: cd src/plugins/bmc       && sed -e '/# am--include-marker/d' Makefile         | make -f - am--depfiles
make: Nothing to be done for 'am--depfiles'.
config.status:1497: $? = 0
config.status:1490: cd src/plugins/usb       && sed -e '/# am--include-marker/d' Makefile         | make -f - am--depfiles
make: Nothing to be done for 'am--depfiles'.
config.status:1497: $? = 0
config.status:1490: cd src/plugins/lipmi       && sed -e '/# am--include-marker/d' Makefile         | make -f - am--depfiles
make: Nothing to be done for 'am--depfiles'.
config.status:1497: $? = 0
config.status:1490: cd src/plugins/serial       && sed -e '/# am--include-marker/d' Makefile         | make -f - am--depfiles
make: Nothing to be done for 'am--depfiles'.
config.status:1497: $? = 0
config.status:1490: cd src/plugins/dummy       && sed -e '/# am--include-marker/d' Makefile         | make -f - am--depfiles
make: Nothing to be done for 'am--depfiles'.
config.status:1497: $? = 0
config.status:1415: executing libtool commands
configure:19325: result: 
configure:19327: result: ipmitool 1.8.16-cvs
configure:19329: result: 
configure:19331: result: Interfaces
configure:19333: result:   lan     : yes
configure:19335: result:   lanplus : yes
configure:19337: result:   open    : no
configure:19339: result:   free    : no
configure:19341: result:   imb     : no
configure:19343: result:   bmc     : no
configure:19345: result:   usb     : no
configure:19347: result:   lipmi   : no
configure:19349: result:   serial  : no
configure:19351: result:   dummy   : no
configure:19353: result: 
configure:19355: result: Extra tools
configure:19357: result:   ipmievd   : yes
configure:19359: result:   ipmishell : no
configure:19361: result: 

## ---------------- ##
## Cache variables. ##
## ---------------- ##

ac_cv_build=x86_64-pc-cygwin
ac_cv_c_bigendian=no
ac_cv_c_compiler_gnu=yes
ac_cv_c_const=yes
ac_cv_c_inline=inline
ac_cv_env_CC_set=
ac_cv_env_CC_value=
ac_cv_env_CFLAGS_set=
ac_cv_env_CFLAGS_value=
ac_cv_env_CPPFLAGS_set=
ac_cv_env_CPPFLAGS_value=
ac_cv_env_CPP_set=
ac_cv_env_CPP_value=
ac_cv_env_LDFLAGS_set=
ac_cv_env_LDFLAGS_value=
ac_cv_env_LIBS_set=
ac_cv_env_LIBS_value=
ac_cv_env_LT_SYS_LIBRARY_PATH_set=
ac_cv_env_LT_SYS_LIBRARY_PATH_value=
ac_cv_env_build_alias_set=
ac_cv_env_build_alias_value=
ac_cv_env_host_alias_set=
ac_cv_env_host_alias_value=
ac_cv_env_target_alias_set=
ac_cv_env_target_alias_value=
ac_cv_exeext=.exe
ac_cv_func_alarm=yes
ac_cv_func_getaddrinfo=yes
ac_cv_func_gethostbyname=yes
ac_cv_func_getifaddrs=yes
ac_cv_func_getpassphrase=no
ac_cv_func_memmove=yes
ac_cv_func_memset=yes
ac_cv_func_select=yes
ac_cv_func_select_args='int,fd_set *,struct timeval *'
ac_cv_func_socket=yes
ac_cv_func_strchr=yes
ac_cv_func_strdup=yes
ac_cv_func_strerror=yes
ac_cv_func_strtod=yes
ac_cv_header_arpa_inet_h=yes
ac_cv_header_byteswap_h=yes
ac_cv_header_dlfcn_h=yes
ac_cv_header_fcntl_h=yes
ac_cv_header_inttypes_h=yes
ac_cv_header_linux_ipmi_h=no
ac_cv_header_netdb_h=yes
ac_cv_header_netinet_in_h=yes
ac_cv_header_paths_h=yes
ac_cv_header_stdint_h=yes
ac_cv_header_stdio_h=yes
ac_cv_header_stdlib_h=yes
ac_cv_header_string_h=yes
ac_cv_header_strings_h=yes
ac_cv_header_sys_byteorder_h=no
ac_cv_header_sys_ioccom_h=no
ac_cv_header_sys_ioctl_h=yes
ac_cv_header_sys_ipmi_h=no
ac_cv_header_sys_lipmi_lipmi_intf_h=no
ac_cv_header_sys_select_h=yes
ac_cv_header_sys_socket_h=yes
ac_cv_header_sys_stat_h=yes
ac_cv_header_sys_types_h=yes
ac_cv_header_termios_h=yes
ac_cv_header_unistd_h=yes
ac_cv_host=x86_64-pc-cygwin
ac_cv_lib_crypto_EVP_aes_128_cbc=yes
ac_cv_lib_crypto_MD2_Init=no
ac_cv_lib_crypto_MD5_Init=yes
ac_cv_lib_freeipmi_ipmi_ctx_open_inband=no
ac_cv_lib_freeipmi_ipmi_open_inband=no
ac_cv_objext=o
ac_cv_path_EGREP='/usr/bin/grep -E'
ac_cv_path_EGREP_TRADITIONAL='/usr/bin/grep -E'
ac_cv_path_FGREP='/usr/bin/grep -F'
ac_cv_path_GREP=/usr/bin/grep
ac_cv_path_SED=sed
ac_cv_path_install='/usr/bin/install -c'
ac_cv_path_lt_DD=/usr/bin/dd
ac_cv_path_mkdir=/usr/bin/mkdir
ac_cv_prog_AWK=gawk
ac_cv_prog_CPP='gcc -E'
ac_cv_prog_FILECMD=file
ac_cv_prog_RPMBUILD=rpm
ac_cv_prog_SED=sed
ac_cv_prog_ac_ct_AR=ar
ac_cv_prog_ac_ct_CC=gcc
ac_cv_prog_ac_ct_DLLTOOL=dlltool
ac_cv_prog_ac_ct_OBJDUMP=objdump
ac_cv_prog_ac_ct_RANLIB=ranlib
ac_cv_prog_ac_ct_STRIP=strip
ac_cv_prog_cc_c23=
ac_cv_prog_cc_g=yes
ac_cv_prog_cc_stdc=
ac_cv_prog_make_make_set=yes
ac_cv_search_getaddrinfo='none required'
ac_cv_search_gethostbyname='none required'
ac_cv_search_getifaddrs='none required'
ac_cv_search_initscr=no
ac_cv_search_readline=no
ac_cv_search_socket='none required'
ac_cv_search_tgetent=no
ac_cv_target=x86_64-pc-cygwin
am_cv_CC_dependencies_compiler_type=gcc3
am_cv_filesystem_timestamp_resolution=0.01
am_cv_make_support_nested_variables=yes
am_cv_prog_cc_c_o=yes
am_cv_prog_tar_ustar=gnutar
am_cv_sleep_fractional_seconds=yes
am_cv_xargs_n_works=yes
lt_cv_ar_at_file=@
lt_cv_archive_cmds_need_lc=yes
lt_cv_cygpath_installed=yes
lt_cv_deplibs_check_method='file_magic ^x86 archive import|^x86 DLL'
lt_cv_file_magic_cmd=func_win32_libid
lt_cv_file_magic_test_file=
lt_cv_ld_reload_flag=-r
lt_cv_nm_interface='BSD nm'
lt_cv_objdir=.libs
lt_cv_path_LD=/usr/x86_64-pc-cygwin/bin/ld.exe
lt_cv_path_NM='/usr/bin/nm -B'
lt_cv_path_manifest_tool=no
lt_cv_prog_compiler_c_o=yes
lt_cv_prog_compiler_pic='-DDLL_EXPORT -DPIC'
lt_cv_prog_compiler_pic_works=yes
lt_cv_prog_compiler_rtti_exceptions=no
lt_cv_prog_compiler_static_works=yes
lt_cv_prog_gnu_ld=yes
lt_cv_sharedlib_from_linklib_cmd=func_cygming_dll_for_implib
lt_cv_sys_global_symbol_pipe='sed -n -e '\''s/^.*[	 ]\([ABCDGIRSTW][ABCDGIRSTW]*\)[	 ][	 ]*\([_A-Za-z][_A-Za-z0-9]*\)$/\1 \2 \2/p'\'' | sed '\''/ __gnu_lto/d'\'''
lt_cv_sys_global_symbol_to_c_name_address='sed -n -e '\''s/^: \(.*\) .*$/  {"\1", (void *) 0},/p'\'' -e '\''s/^[ABCDGIRSTW][ABCDGIRSTW]* .* \([a-zA-Z_][a-zA-Z0-9_]*\)$/  {"\1", (void *) \&\1},/p'\'''
lt_cv_sys_global_symbol_to_c_name_address_lib_prefix='sed -n -e '\''s/^: \(.*\) .*$/  {"\1", (void *) 0},/p'\'' -e '\''s/^[ABCDGIRSTW][ABCDGIRSTW]* .* \(lib[a-zA-Z_][a-zA-Z0-9_]*\)$/  {"\1", (void *) \&\1},/p'\'' -e '\''s/^[ABCDGIRSTW][ABCDGIRSTW]* .* \([a-zA-Z_][a-zA-Z0-9_]*\)$/  {"lib\1", (void *) \&\1},/p'\'''
lt_cv_sys_global_symbol_to_cdecl='sed -n -e '\''s/^T .* \([a-zA-Z_][a-zA-Z0-9_]*\)$/extern int \1();/p'\'' -e '\''s/^[ABCDGIRSTW][ABCDGIRSTW]* .* \([a-zA-Z_][a-zA-Z0-9_]*\)$/extern char \1;/p'\'''
lt_cv_sys_global_symbol_to_import=
lt_cv_sys_max_cmd_len=8192
lt_cv_to_host_file_cmd=func_convert_file_noop
lt_cv_to_tool_file_cmd=func_convert_file_noop
lt_cv_truncate_bin='/usr/bin/dd bs=4096 count=1'

## ----------------- ##
## Output variables. ##
## ----------------- ##

ACLOCAL='${SHELL} '\''/c/Users/BIOS01/Documents/Codex/2026-08-18/https-github-com-opencomputeproject-rack-manager/work/ipmitool-base/ipmitool-2c3a876a7354e3c5dc1d500bc10f90f2f40f2035/missing'\'' aclocal-1.18'
AMDEPBACKSLASH='\'
AMDEP_FALSE='#'
AMDEP_TRUE=''
AMTAR='$${TAR-tar}'
AM_BACKSLASH='\'
AM_DEFAULT_V='$(AM_DEFAULT_VERBOSITY)'
AM_DEFAULT_VERBOSITY='1'
AM_V='$(V)'
AR='ar'
ARCH='x86_64'
AUTOCONF='${SHELL} '\''/c/Users/BIOS01/Documents/Codex/2026-08-18/https-github-com-opencomputeproject-rack-manager/work/ipmitool-base/ipmitool-2c3a876a7354e3c5dc1d500bc10f90f2f40f2035/missing'\'' autoconf'
AUTOHEADER='${SHELL} '\''/c/Users/BIOS01/Documents/Codex/2026-08-18/https-github-com-opencomputeproject-rack-manager/work/ipmitool-base/ipmitool-2c3a876a7354e3c5dc1d500bc10f90f2f40f2035/missing'\'' autoheader'
AUTOMAKE='${SHELL} '\''/c/Users/BIOS01/Documents/Codex/2026-08-18/https-github-com-opencomputeproject-rack-manager/work/ipmitool-base/ipmitool-2c3a876a7354e3c5dc1d500bc10f90f2f40f2035/missing'\'' automake-1.18'
AWK='gawk'
BASEDIR='/usr'
CC='gcc'
CCDEPMODE='depmode=gcc3'
CFLAGS='-g -O2 -Wall -Wextra -std=c99 -pedantic -Wformat -Wformat-nonliteral'
CPP='gcc -E'
CPPFLAGS=''
CSCOPE='cscope'
CTAGS='ctags'
CYGPATH_W='cygpath -w'
DEFS='-DHAVE_CONFIG_H'
DEPDIR='.deps'
DISTRO=''
DLLTOOL='dlltool'
DSYMUTIL=''
DUMPBIN=''
ECHO_C=''
ECHO_N='-n'
ECHO_T=''
EGREP='/usr/bin/grep -E'
ETAGS='etags'
EXEEXT='.exe'
FGREP='/usr/bin/grep -F'
FILECMD='file'
GREP='/usr/bin/grep'
INSTALL_DATA='${INSTALL} -m 644'
INSTALL_PROGRAM='${INSTALL}'
INSTALL_SCRIPT='${INSTALL}'
INSTALL_STRIP_PROGRAM='$(install_sh) -c -s'
INTF_BMC=''
INTF_BMC_LIB=''
INTF_DUMMY=''
INTF_DUMMY_LIB=''
INTF_FREE=''
INTF_FREE_LIB=''
INTF_IMB=''
INTF_IMB_LIB=''
INTF_LAN='lan'
INTF_LANPLUS='lanplus'
INTF_LANPLUS_LIB='libintf_lanplus.la'
INTF_LAN_LIB='libintf_lan.la'
INTF_LIPMI=''
INTF_LIPMI_LIB=''
INTF_OPEN=''
INTF_OPEN_LIB=''
INTF_SERIAL=''
INTF_SERIAL_LIB=''
INTF_USB=''
INTF_USB_LIB=''
IPMITOOL_INTF_LIB=' lan/libintf_lan.la lanplus/libintf_lanplus.la'
LD='/usr/x86_64-pc-cygwin/bin/ld.exe'
LDFLAGS=''
LIBOBJS=''
LIBS=' -lcrypto'
LIBTOOL='$(SHELL) $(top_builddir)/libtool --silent'
LIPO=''
LN_S='cp -pR'
LTLIBOBJS=''
LT_SYS_LIBRARY_PATH=''
MAKEINFO='${SHELL} '\''/c/Users/BIOS01/Documents/Codex/2026-08-18/https-github-com-opencomputeproject-rack-manager/work/ipmitool-base/ipmitool-2c3a876a7354e3c5dc1d500bc10f90f2f40f2035/missing'\'' makeinfo'
MANIFEST_TOOL=':'
MKDIR_P='/usr/bin/mkdir -p'
NM='/usr/bin/nm -B'
NMEDIT=''
OBJDUMP='objdump'
OBJEXT='o'
OS='cygwin'
OTOOL64=''
OTOOL=''
PACKAGE='ipmitool'
PACKAGE_BUGREPORT=''
PACKAGE_NAME=''
PACKAGE_STRING=''
PACKAGE_TARNAME=''
PACKAGE_URL=''
PACKAGE_VERSION=''
PATH_SEPARATOR=':'
POW_LIB=''
PSTAMP='x86_64-pc-cygwin'
RANLIB='ranlib'
RPMBUILD='rpm'
RPM_RELEASE='1'
SED='sed'
SET_MAKE=''
SHELL='/bin/sh'
STRIP='strip'
VERSION='1.8.16-cvs'
ac_configure_args=' '\''--disable-intf-open'\'' '\''--disable-intf-imb'\'' '\''--disable-intf-lipmi'\'' '\''--disable-intf-free'\'' '\''--disable-intf-usb'\'' '\''--disable-intf-serial'\'' '\''--enable-intf-lan'\'' '\''--enable-intf-lanplus'\'''
ac_ct_AR='ar'
ac_ct_CC='gcc'
ac_ct_DUMPBIN=''
am__EXEEXT_FALSE='#'
am__EXEEXT_TRUE=''
am__fastdepCC_FALSE='#'
am__fastdepCC_TRUE=''
am__include='include'
am__isrc=''
am__leading_dot='.'
am__nodep='_no'
am__quote=''
am__rm_f_notfound=''
am__tar='tar --format=ustar -chf - "$$tardir"'
am__untar='tar -xf -'
am__xargs_n='xargs -n'
bindir='${exec_prefix}/bin'
build='x86_64-pc-cygwin'
build_alias='x86_64-pc-cygwin'
build_cpu='x86_64'
build_os='cygwin'
build_vendor='pc'
datadir='${datarootdir}'
datarootdir='${prefix}/share'
docdir='${datarootdir}/doc/${PACKAGE}'
dvidir='${docdir}'
exec_prefix='/usr'
host='x86_64-pc-cygwin'
host_alias=''
host_cpu='x86_64'
host_os='cygwin'
host_vendor='pc'
htmldir='${docdir}'
includedir='${prefix}/include'
infodir='${datarootdir}/info'
install_sh='${SHELL} /c/Users/BIOS01/Documents/Codex/2026-08-18/https-github-com-opencomputeproject-rack-manager/work/ipmitool-base/ipmitool-2c3a876a7354e3c5dc1d500bc10f90f2f40f2035/install-sh'
libdir='${exec_prefix}/lib'
libexecdir='${exec_prefix}/libexec'
localedir='${datarootdir}/locale'
localstatedir='${prefix}/var'
mandir='${datarootdir}/man'
mkdir_p='$(MKDIR_P)'
oldincludedir='/usr/include'
pdfdir='${docdir}'
prefix='/usr'
program_transform_name='s,x,x,'
psdir='${docdir}'
runstatedir='${localstatedir}/run'
sbindir='${exec_prefix}/sbin'
sharedstatedir='${prefix}/com'
sysconfdir='${prefix}/etc'
target='x86_64-pc-cygwin'
target_alias=''
target_cpu='x86_64'
target_os='cygwin'
target_vendor='pc'

## ----------- ##
## confdefs.h. ##
## ----------- ##

/* confdefs.h */
#define PACKAGE_NAME ""
#define PACKAGE_TARNAME ""
#define PACKAGE_VERSION ""
#define PACKAGE_STRING ""
#define PACKAGE_BUGREPORT ""
#define PACKAGE_URL ""
#define PACKAGE "ipmitool"
#define VERSION "1.8.16-cvs"
#define HAVE_STDIO_H 1
#define HAVE_STDLIB_H 1
#define HAVE_STRING_H 1
#define HAVE_INTTYPES_H 1
#define HAVE_STDINT_H 1
#define HAVE_STRINGS_H 1
#define HAVE_SYS_STAT_H 1
#define HAVE_SYS_TYPES_H 1
#define HAVE_UNISTD_H 1
#define HAVE_SYS_SELECT_H 1
#define HAVE_SYS_SOCKET_H 1
#define STDC_HEADERS 1
#define HAVE_STDLIB_H 1
#define HAVE_STRING_H 1
#define HAVE_SYS_IOCTL_H 1
#define HAVE_SYS_STAT_H 1
#define HAVE_UNISTD_H 1
#define HAVE_PATHS_H 1
#define HAVE_ARPA_INET_H 1
#define HAVE_FCNTL_H 1
#define HAVE_NETDB_H 1
#define HAVE_NETINET_IN_H 1
#define HAVE_SYS_SOCKET_H 1
#define HAVE_BYTESWAP_H 1
#define SELECT_TYPE_ARG1 int
#define SELECT_TYPE_ARG234 (fd_set *)
#define SELECT_TYPE_ARG5 (struct timeval *)
#define HAVE_ALARM 1
#define HAVE_GETHOSTBYNAME 1
#define HAVE_GETADDRINFO 1
#define HAVE_GETIFADDRS 1
#define HAVE_SOCKET 1
#define HAVE_SELECT 1
#define HAVE_MEMMOVE 1
#define HAVE_MEMSET 1
#define HAVE_STRCHR 1
#define HAVE_STRDUP 1
#define HAVE_STRERROR 1
#define HAVE_DLFCN_H 1
#define LT_OBJDIR ".libs/"
#define ENABLE_ALL_OPTIONS 1
#define HAVE_CRYPTO_MD5 1
#define IPMI_INTF_LAN 1
#define IPMI_INTF_LANPLUS 1
#define HAVE_TERMIOS_H 1
#define HAVE_PRAGMA_PACK 1

configure: exit 
